[2026-05-19T11:43:09.938Z] [SUCCESS] [2026-05-19T11:43:09.931Z] OPTIONS /api/auth/user ➞ NO_CONTENT 204 (7ms)
[2026-05-19T11:43:09.940Z] [ERROR] [2026-05-19T11:43:09.939Z] OPTIONS /api/auth/user - undefined - Cannot set headers after they are sent to the client | User-Agent: Mozilla/5.0 (X11; Linux x86_64) AppleWebKit/537.36 (KHTML, like Gecko) elsass-catalogue-admin/1.0.2 Chrome/146.0.7680.216 Electron/41.5.1 Safari/537.36 | IP: ::1
[2026-05-19T11:43:09.949Z] [ERROR] [2026-05-19T11:43:09.949Z] GET /api/auth/user - 401 - Unauthorized | User-Agent: Mozilla/5.0 (X11; Linux x86_64) AppleWebKit/537.36 (KHTML, like Gecko) elsass-catalogue-admin/1.0.2 Chrome/146.0.7680.216 Electron/41.5.1 Safari/537.36 | IP: ::1
[2026-05-19T11:43:09.952Z] [WARN] [2026-05-19T11:43:09.942Z] GET /api/auth/user ➞ UNAUTHORIZED 401 (9ms)
[2026-05-19T11:43:10.015Z] [ERROR] [2026-05-19T11:43:10.015Z] GET /api/auth/user - 401 - Unauthorized | User-Agent: Mozilla/5.0 (X11; Linux x86_64) AppleWebKit/537.36 (KHTML, like Gecko) elsass-catalogue-admin/1.0.2 Chrome/146.0.7680.216 Electron/41.5.1 Safari/537.36 | IP: ::1
[2026-05-19T11:43:10.021Z] [WARN] [2026-05-19T11:43:10.004Z] GET /api/auth/user ➞ UNAUTHORIZED 401 (16ms)
[2026-05-19T11:43:11.799Z] [SUCCESS] [2026-05-19T11:43:11.793Z] OPTIONS /api/auth/sign-in ➞ NO_CONTENT 204 (6ms)
[2026-05-19T11:43:11.800Z] [ERROR] [2026-05-19T11:43:11.800Z] OPTIONS /api/auth/sign-in - undefined - Cannot set headers after they are sent to the client | User-Agent: Mozilla/5.0 (X11; Linux x86_64) AppleWebKit/537.36 (KHTML, like Gecko) elsass-catalogue-admin/1.0.2 Chrome/146.0.7680.216 Electron/41.5.1 Safari/537.36 | IP: ::1
[2026-05-19T11:43:11.889Z] [ERROR] [2026-05-19T11:43:11.889Z] POST /api/auth/sign-in - undefined - Access denied for user 'root'@'172.18.0.1' (using password: YES) | User-Agent: Mozilla/5.0 (X11; Linux x86_64) AppleWebKit/537.36 (KHTML, like Gecko) elsass-catalogue-admin/1.0.2 Chrome/146.0.7680.216 Electron/41.5.1 Safari/537.36 | IP: ::1
[2026-05-19T11:43:11.892Z] [ERROR] [2026-05-19T11:43:11.805Z] POST /api/auth/sign-in ➞ INTERNAL_SERVER_ERROR 500 (87ms)
[2026-05-19T11:43:16.857Z] [SUCCESS] [2026-05-19T11:43:16.850Z] OPTIONS /api/auth/sign-in ➞ NO_CONTENT 204 (7ms)
[2026-05-19T11:43:16.858Z] [ERROR] [2026-05-19T11:43:16.858Z] OPTIONS /api/auth/sign-in - undefined - Cannot set headers after they are sent to the client | User-Agent: Mozilla/5.0 (X11; Linux x86_64) AppleWebKit/537.36 (KHTML, like Gecko) elsass-catalogue-admin/1.0.2 Chrome/146.0.7680.216 Electron/41.5.1 Safari/537.36 | IP: ::1
[2026-05-19T11:43:16.890Z] [ERROR] [2026-05-19T11:43:16.890Z] POST /api/auth/sign-in - undefined - Access denied for user 'root'@'172.18.0.1' (using password: YES) | User-Agent: Mozilla/5.0 (X11; Linux x86_64) AppleWebKit/537.36 (KHTML, like Gecko) elsass-catalogue-admin/1.0.2 Chrome/146.0.7680.216 Electron/41.5.1 Safari/537.36 | IP: ::1
[2026-05-19T11:43:16.891Z] [ERROR] [2026-05-19T11:43:16.862Z] POST /api/auth/sign-in ➞ INTERNAL_SERVER_ERROR 500 (29ms)
[2026-05-19T11:43:38.372Z] [SUCCESS] [2026-05-19T11:43:38.370Z] OPTIONS /api/auth/sign-in ➞ NO_CONTENT 204 (2ms)
[2026-05-19T11:43:38.373Z] [ERROR] [2026-05-19T11:43:38.373Z] OPTIONS /api/auth/sign-in - undefined - Cannot set headers after they are sent to the client | User-Agent: Mozilla/5.0 (X11; Linux x86_64) AppleWebKit/537.36 (KHTML, like Gecko) elsass-catalogue-admin/1.0.2 Chrome/146.0.7680.216 Electron/41.5.1 Safari/537.36 | IP: ::1
[2026-05-19T11:43:38.415Z] [ERROR] [2026-05-19T11:43:38.415Z] POST /api/auth/sign-in - undefined - Access denied for user 'root'@'172.18.0.1' (using password: YES) | User-Agent: Mozilla/5.0 (X11; Linux x86_64) AppleWebKit/537.36 (KHTML, like Gecko) elsass-catalogue-admin/1.0.2 Chrome/146.0.7680.216 Electron/41.5.1 Safari/537.36 | IP: ::1
[2026-05-19T11:43:38.417Z] [ERROR] [2026-05-19T11:43:38.378Z] POST /api/auth/sign-in ➞ INTERNAL_SERVER_ERROR 500 (39ms)
[2026-05-19T11:44:05.256Z] [SUCCESS] [2026-05-19T11:44:05.246Z] OPTIONS /api/auth/sign-in ➞ NO_CONTENT 204 (9ms)
[2026-05-19T11:44:05.258Z] [ERROR] [2026-05-19T11:44:05.258Z] OPTIONS /api/auth/sign-in - undefined - Cannot set headers after they are sent to the client | User-Agent: Mozilla/5.0 (X11; Linux x86_64) AppleWebKit/537.36 (KHTML, like Gecko) elsass-catalogue-admin/1.0.2 Chrome/146.0.7680.216 Electron/41.5.1 Safari/537.36 | IP: ::1
[2026-05-19T11:44:05.434Z] [SUCCESS] [2026-05-19T11:44:05.261Z] POST /api/auth/sign-in ➞ OK 200 (173ms)
[2026-05-19T11:44:05.460Z] [SUCCESS] [2026-05-19T11:44:05.456Z] OPTIONS /api/auth/user ➞ NO_CONTENT 204 (4ms)
[2026-05-19T11:44:05.460Z] [ERROR] [2026-05-19T11:44:05.460Z] OPTIONS /api/auth/user - undefined - Cannot set headers after they are sent to the client | User-Agent: Mozilla/5.0 (X11; Linux x86_64) AppleWebKit/537.36 (KHTML, like Gecko) elsass-catalogue-admin/1.0.2 Chrome/146.0.7680.216 Electron/41.5.1 Safari/537.36 | IP: ::1
[2026-05-19T11:44:05.472Z] [SUCCESS] [2026-05-19T11:44:05.464Z] GET /api/auth/user ➞ OK 200 (8ms)
[2026-05-19T11:44:05.576Z] [SUCCESS] [2026-05-19T11:44:05.573Z] OPTIONS /api/vehicleCategories/ ➞ NO_CONTENT 204 (3ms)
[2026-05-19T11:44:05.577Z] [ERROR] [2026-05-19T11:44:05.577Z] OPTIONS /api/vehicleCategories/ - undefined - Cannot set headers after they are sent to the client | User-Agent: Mozilla/5.0 (X11; Linux x86_64) AppleWebKit/537.36 (KHTML, like Gecko) elsass-catalogue-admin/1.0.2 Chrome/146.0.7680.216 Electron/41.5.1 Safari/537.36 | IP: ::1
[2026-05-19T11:44:05.581Z] [SUCCESS] [2026-05-19T11:44:05.579Z] OPTIONS /api/vehicles/ ➞ NO_CONTENT 204 (2ms)
[2026-05-19T11:44:05.582Z] [ERROR] [2026-05-19T11:44:05.582Z] OPTIONS /api/vehicles/ - undefined - Cannot set headers after they are sent to the client | User-Agent: Mozilla/5.0 (X11; Linux x86_64) AppleWebKit/537.36 (KHTML, like Gecko) elsass-catalogue-admin/1.0.2 Chrome/146.0.7680.216 Electron/41.5.1 Safari/537.36 | IP: ::1
[2026-05-19T11:44:05.588Z] [SUCCESS] [2026-05-19T11:44:05.586Z] OPTIONS /api/circuits/ ➞ NO_CONTENT 204 (2ms)
[2026-05-19T11:44:05.589Z] [ERROR] [2026-05-19T11:44:05.589Z] OPTIONS /api/circuits/ - undefined - Cannot set headers after they are sent to the client | User-Agent: Mozilla/5.0 (X11; Linux x86_64) AppleWebKit/537.36 (KHTML, like Gecko) elsass-catalogue-admin/1.0.2 Chrome/146.0.7680.216 Electron/41.5.1 Safari/537.36 | IP: ::1
[2026-05-19T11:44:05.599Z] [SUCCESS] [2026-05-19T11:44:05.583Z] GET /api/vehicleCategories/ ➞ OK 200 (15ms)
[2026-05-19T11:44:05.612Z] [SUCCESS] [2026-05-19T11:44:05.599Z] GET /api/circuits/ ➞ OK 200 (13ms)
[2026-05-19T11:44:05.621Z] [SUCCESS] [2026-05-19T11:44:05.593Z] GET /api/vehicles/ ➞ OK 200 (28ms)
[2026-05-19T11:45:18.989Z] [SUCCESS] [2026-05-19T11:45:18.985Z] OPTIONS /api/upload/ ➞ NO_CONTENT 204 (4ms)
[2026-05-19T11:45:18.991Z] [ERROR] [2026-05-19T11:45:18.990Z] OPTIONS /api/upload/ - undefined - Cannot set headers after they are sent to the client | User-Agent: Mozilla/5.0 (X11; Linux x86_64) AppleWebKit/537.36 (KHTML, like Gecko) elsass-catalogue-admin/1.0.2 Chrome/146.0.7680.216 Electron/41.5.1 Safari/537.36 | IP: ::1
[2026-05-19T11:45:19.026Z] [SUCCESS] [2026-05-19T11:45:18.997Z] POST /api/upload/ ➞ CREATED 201 (29ms)
[2026-05-19T11:45:19.040Z] [SUCCESS] [2026-05-19T11:45:19.037Z] OPTIONS /api/vehicles/ ➞ NO_CONTENT 204 (2ms)
[2026-05-19T11:45:19.041Z] [ERROR] [2026-05-19T11:45:19.041Z] OPTIONS /api/vehicles/ - undefined - Cannot set headers after they are sent to the client | User-Agent: Mozilla/5.0 (X11; Linux x86_64) AppleWebKit/537.36 (KHTML, like Gecko) elsass-catalogue-admin/1.0.2 Chrome/146.0.7680.216 Electron/41.5.1 Safari/537.36 | IP: ::1
[2026-05-19T11:45:19.083Z] [SUCCESS] [2026-05-19T11:45:19.047Z] POST /api/vehicles/ ➞ CREATED 201 (36ms)
[2026-05-19T11:45:19.115Z] [SUCCESS] [2026-05-19T11:45:19.097Z] GET /api/vehicles/ ➞ OK 200 (18ms)
[2026-05-19T11:45:19.148Z] [SUCCESS] [2026-05-19T11:45:19.132Z] GET /api/uploads/b6a70b869d9303d721d19a9184f5655a.webp ➞ OK 200 (16ms)
[2026-05-19T11:45:21.333Z] [SUCCESS] [2026-05-19T11:45:21.327Z] OPTIONS /api/vehicles/4/toggle ➞ NO_CONTENT 204 (6ms)
[2026-05-19T11:45:21.334Z] [ERROR] [2026-05-19T11:45:21.334Z] OPTIONS /api/vehicles/4/toggle - undefined - Cannot set headers after they are sent to the client | User-Agent: Mozilla/5.0 (X11; Linux x86_64) AppleWebKit/537.36 (KHTML, like Gecko) elsass-catalogue-admin/1.0.2 Chrome/146.0.7680.216 Electron/41.5.1 Safari/537.36 | IP: ::1
[2026-05-19T11:45:21.380Z] [SUCCESS] [2026-05-19T11:45:21.339Z] PUT /api/vehicles/4/toggle ➞ OK 200 (41ms)
[2026-05-19T11:45:21.407Z] [SUCCESS] [2026-05-19T11:45:21.390Z] GET /api/vehicles/ ➞ OK 200 (17ms)
[2026-05-19T11:46:49.629Z] [SUCCESS] [2026-05-19T11:46:49.623Z] OPTIONS /api/upload/ ➞ NO_CONTENT 204 (6ms)
[2026-05-19T11:46:49.630Z] [ERROR] [2026-05-19T11:46:49.630Z] OPTIONS /api/upload/ - undefined - Cannot set headers after they are sent to the client | User-Agent: Mozilla/5.0 (X11; Linux x86_64) AppleWebKit/537.36 (KHTML, like Gecko) elsass-catalogue-admin/1.0.2 Chrome/146.0.7680.216 Electron/41.5.1 Safari/537.36 | IP: ::1
[2026-05-19T11:46:49.651Z] [SUCCESS] [2026-05-19T11:46:49.636Z] POST /api/upload/ ➞ CREATED 201 (15ms)
[2026-05-19T11:46:49.665Z] [SUCCESS] [2026-05-19T11:46:49.661Z] OPTIONS /api/vehicles/ ➞ NO_CONTENT 204 (4ms)
[2026-05-19T11:46:49.665Z] [ERROR] [2026-05-19T11:46:49.665Z] OPTIONS /api/vehicles/ - undefined - Cannot set headers after they are sent to the client | User-Agent: Mozilla/5.0 (X11; Linux x86_64) AppleWebKit/537.36 (KHTML, like Gecko) elsass-catalogue-admin/1.0.2 Chrome/146.0.7680.216 Electron/41.5.1 Safari/537.36 | IP: ::1
[2026-05-19T11:46:49.700Z] [SUCCESS] [2026-05-19T11:46:49.669Z] POST /api/vehicles/ ➞ CREATED 201 (31ms)
[2026-05-19T11:46:49.725Z] [SUCCESS] [2026-05-19T11:46:49.710Z] GET /api/vehicles/ ➞ OK 200 (15ms)
[2026-05-19T11:46:49.773Z] [SUCCESS] [2026-05-19T11:46:49.761Z] GET /api/uploads/1d52282c012a133d1dbb77a7f36d971d.webp ➞ OK 200 (12ms)
[2026-05-19T11:46:50.886Z] [SUCCESS] [2026-05-19T11:46:50.882Z] OPTIONS /api/circuits/ ➞ NO_CONTENT 204 (4ms)
[2026-05-19T11:46:50.886Z] [ERROR] [2026-05-19T11:46:50.886Z] OPTIONS /api/circuits/ - undefined - Cannot set headers after they are sent to the client | User-Agent: Mozilla/5.0 (X11; Linux x86_64) AppleWebKit/537.36 (KHTML, like Gecko) elsass-catalogue-admin/1.0.2 Chrome/146.0.7680.216 Electron/41.5.1 Safari/537.36 | IP: ::1
[2026-05-19T11:46:50.905Z] [SUCCESS] [2026-05-19T11:46:50.890Z] GET /api/circuits/ ➞ OK 200 (15ms)
[2026-05-19T11:47:12.158Z] [SUCCESS] [2026-05-19T11:47:12.151Z] OPTIONS /api/upload/ ➞ NO_CONTENT 204 (7ms)
[2026-05-19T11:47:12.159Z] [ERROR] [2026-05-19T11:47:12.159Z] OPTIONS /api/upload/ - undefined - Cannot set headers after they are sent to the client | User-Agent: Mozilla/5.0 (X11; Linux x86_64) AppleWebKit/537.36 (KHTML, like Gecko) elsass-catalogue-admin/1.0.2 Chrome/146.0.7680.216 Electron/41.5.1 Safari/537.36 | IP: ::1
[2026-05-19T11:47:12.175Z] [SUCCESS] [2026-05-19T11:47:12.163Z] POST /api/upload/ ➞ CREATED 201 (12ms)
[2026-05-19T11:47:12.191Z] [SUCCESS] [2026-05-19T11:47:12.186Z] OPTIONS /api/circuits/ ➞ NO_CONTENT 204 (5ms)
[2026-05-19T11:47:12.191Z] [ERROR] [2026-05-19T11:47:12.191Z] OPTIONS /api/circuits/ - undefined - Cannot set headers after they are sent to the client | User-Agent: Mozilla/5.0 (X11; Linux x86_64) AppleWebKit/537.36 (KHTML, like Gecko) elsass-catalogue-admin/1.0.2 Chrome/146.0.7680.216 Electron/41.5.1 Safari/537.36 | IP: ::1
[2026-05-19T11:47:12.231Z] [SUCCESS] [2026-05-19T11:47:12.195Z] POST /api/circuits/ ➞ CREATED 201 (36ms)
[2026-05-19T11:47:12.255Z] [SUCCESS] [2026-05-19T11:47:12.244Z] GET /api/circuits/ ➞ OK 200 (11ms)
[2026-05-19T11:47:12.301Z] [SUCCESS] [2026-05-19T11:47:12.285Z] GET /api/uploads/eca1bcfe03a403057d8ee3573253fe6c.webp ➞ OK 200 (16ms)
[2026-05-19T11:47:13.483Z] [SUCCESS] [2026-05-19T11:47:13.479Z] OPTIONS /api/circuits/2/toggle ➞ NO_CONTENT 204 (4ms)
[2026-05-19T11:47:13.484Z] [ERROR] [2026-05-19T11:47:13.484Z] OPTIONS /api/circuits/2/toggle - undefined - Cannot set headers after they are sent to the client | User-Agent: Mozilla/5.0 (X11; Linux x86_64) AppleWebKit/537.36 (KHTML, like Gecko) elsass-catalogue-admin/1.0.2 Chrome/146.0.7680.216 Electron/41.5.1 Safari/537.36 | IP: ::1
[2026-05-19T11:47:13.528Z] [SUCCESS] [2026-05-19T11:47:13.489Z] PUT /api/circuits/2/toggle ➞ OK 200 (39ms)
[2026-05-19T11:47:13.555Z] [SUCCESS] [2026-05-19T11:47:13.538Z] GET /api/circuits/ ➞ OK 200 (17ms)
[2026-05-19T11:47:14.370Z] [SUCCESS] [2026-05-19T11:47:14.358Z] GET /api/uploads/1d52282c012a133d1dbb77a7f36d971d.webp ➞ OK 200 (12ms)
[2026-05-19T11:47:14.370Z] [SUCCESS] [2026-05-19T11:47:14.355Z] GET /api/uploads/b6a70b869d9303d721d19a9184f5655a.webp ➞ OK 200 (15ms)
[2026-05-19T11:47:15.401Z] [SUCCESS] [2026-05-19T11:47:15.390Z] OPTIONS /api/vehicles/5/toggle ➞ NO_CONTENT 204 (10ms)
[2026-05-19T11:47:15.402Z] [ERROR] [2026-05-19T11:47:15.402Z] OPTIONS /api/vehicles/5/toggle - undefined - Cannot set headers after they are sent to the client | User-Agent: Mozilla/5.0 (X11; Linux x86_64) AppleWebKit/537.36 (KHTML, like Gecko) elsass-catalogue-admin/1.0.2 Chrome/146.0.7680.216 Electron/41.5.1 Safari/537.36 | IP: ::1
[2026-05-19T11:47:15.449Z] [SUCCESS] [2026-05-19T11:47:15.408Z] PUT /api/vehicles/5/toggle ➞ OK 200 (41ms)
[2026-05-19T11:47:15.465Z] [SUCCESS] [2026-05-19T11:47:15.460Z] OPTIONS /api/vehicles/ ➞ NO_CONTENT 204 (5ms)
[2026-05-19T11:47:15.466Z] [ERROR] [2026-05-19T11:47:15.466Z] OPTIONS /api/vehicles/ - undefined - Cannot set headers after they are sent to the client | User-Agent: Mozilla/5.0 (X11; Linux x86_64) AppleWebKit/537.36 (KHTML, like Gecko) elsass-catalogue-admin/1.0.2 Chrome/146.0.7680.216 Electron/41.5.1 Safari/537.36 | IP: ::1
[2026-05-19T11:47:15.487Z] [SUCCESS] [2026-05-19T11:47:15.473Z] GET /api/vehicles/ ➞ OK 200 (14ms)
[2026-05-19T12:48:04.534Z] [SUCCESS] [2026-05-19T12:48:04.527Z] GET /api/vehicles/ ➞ OK 200 (7ms)
[2026-05-19T13:23:38.080Z] [WARN] [2026-05-19T13:23:38.075Z] GET /api/vehiclescategories/ ➞ NOT_FOUND 404 (5ms)
[2026-05-19T13:23:38.081Z] [SUCCESS] [2026-05-19T13:23:38.072Z] GET /api/vehicles/ ➞ OK 200 (9ms)
[2026-05-19T13:24:07.665Z] [WARN] [2026-05-19T13:24:07.663Z] GET /api/vehiclescategories/ ➞ NOT_FOUND 404 (2ms)
[2026-05-19T13:24:48.263Z] [WARN] [2026-05-19T13:24:48.258Z] GET /api/vehiclescategories/ ➞ NOT_FOUND 404 (5ms)
[2026-05-19T13:25:33.226Z] [WARN] [2026-05-19T13:25:33.221Z] GET /api/vehiclescategories/ ➞ NOT_FOUND 404 (5ms)
[2026-05-19T13:26:14.297Z] [WARN] [2026-05-19T13:26:14.292Z] GET /api/vehiclescategories/ ➞ NOT_FOUND 404 (5ms)
[2026-05-19T13:26:32.955Z] [WARN] [2026-05-19T13:26:32.949Z] GET /api/vehiclescategories/ ➞ NOT_FOUND 404 (6ms)
[2026-05-19T13:27:19.232Z] [WARN] [2026-05-19T13:27:19.225Z] GET /api/vehiclescategories/ ➞ NOT_FOUND 404 (6ms)
[2026-05-19T13:28:23.375Z] [WARN] [2026-05-19T13:28:23.369Z] GET /api/vehiclesCategories/ ➞ NOT_FOUND 404 (6ms)
[2026-05-19T13:28:23.377Z] [SUCCESS] [2026-05-19T13:28:23.364Z] GET /api/vehicles/ ➞ OK 200 (13ms)
[2026-05-19T13:28:51.284Z] [SUCCESS] [2026-05-19T13:28:51.270Z] GET /api/vehicleCategories/ ➞ OK 200 (14ms)
[2026-05-19T13:28:51.285Z] [SUCCESS] [2026-05-19T13:28:51.276Z] GET /api/vehicles/ ➞ OK 200 (9ms)
[2026-05-19T14:12:58.418Z] [SUCCESS] [2026-05-19T14:12:58.404Z] GET /api/vehicles/ ➞ OK 200 (14ms)
[2026-05-19T14:12:58.421Z] [SUCCESS] [2026-05-19T14:12:58.411Z] GET /api/vehicleCategories/ ➞ OK 200 (9ms)
[2026-05-19T14:15:42.013Z] [SUCCESS] [2026-05-19T14:15:42.004Z] GET /api/vehicles/ ➞ OK 200 (9ms)
[2026-05-19T14:15:42.017Z] [SUCCESS] [2026-05-19T14:15:42.008Z] GET /api/vehicleCategories/ ➞ OK 200 (9ms)
[2026-05-19T14:17:00.440Z] [ERROR] [2026-05-19T14:17:00.440Z] GET /api/uploads/1d52282c012a133d1dbb77a7f36d971d.webp - 401 - Unauthorized | User-Agent: okhttp/4.12.0 | IP: ::ffff:192.168.1.14
[2026-05-19T14:17:00.441Z] [WARN] [2026-05-19T14:17:00.438Z] GET /api/uploads/1d52282c012a133d1dbb77a7f36d971d.webp ➞ UNAUTHORIZED 401 (3ms)
[2026-05-19T14:17:00.443Z] [ERROR] [2026-05-19T14:17:00.443Z] GET /api/uploads/b6a70b869d9303d721d19a9184f5655a.webp - 401 - Unauthorized | User-Agent: okhttp/4.12.0 | IP: ::ffff:192.168.1.14
[2026-05-19T14:17:00.444Z] [WARN] [2026-05-19T14:17:00.442Z] GET /api/uploads/b6a70b869d9303d721d19a9184f5655a.webp ➞ UNAUTHORIZED 401 (2ms)
[2026-05-19T14:18:23.609Z] [ERROR] [2026-05-19T14:18:23.609Z] GET /api/uploads/1d52282c012a133d1dbb77a7f36d971d.webp - 401 - Unauthorized | User-Agent: okhttp/4.12.0 | IP: ::ffff:192.168.1.14
[2026-05-19T14:18:23.610Z] [WARN] [2026-05-19T14:18:23.606Z] GET /api/uploads/1d52282c012a133d1dbb77a7f36d971d.webp ➞ UNAUTHORIZED 401 (4ms)
[2026-05-19T14:18:23.613Z] [ERROR] [2026-05-19T14:18:23.613Z] GET /api/uploads/b6a70b869d9303d721d19a9184f5655a.webp - 401 - Unauthorized | User-Agent: okhttp/4.12.0 | IP: ::ffff:192.168.1.14
[2026-05-19T14:18:23.615Z] [WARN] [2026-05-19T14:18:23.611Z] GET /api/uploads/b6a70b869d9303d721d19a9184f5655a.webp ➞ UNAUTHORIZED 401 (4ms)
[2026-05-19T14:23:07.344Z] [ERROR] [2026-05-19T14:23:07.344Z] GET /api/uploads/b6a70b869d9303d721d19a9184f5655a.webp - 401 - Unauthorized | User-Agent: okhttp/4.12.0 | IP: ::ffff:192.168.1.14
[2026-05-19T14:23:07.346Z] [WARN] [2026-05-19T14:23:07.341Z] GET /api/uploads/b6a70b869d9303d721d19a9184f5655a.webp ➞ UNAUTHORIZED 401 (5ms)
[2026-05-19T14:23:07.349Z] [ERROR] [2026-05-19T14:23:07.349Z] GET /api/uploads/1d52282c012a133d1dbb77a7f36d971d.webp - 401 - Unauthorized | User-Agent: okhttp/4.12.0 | IP: ::ffff:192.168.1.14
[2026-05-19T14:23:07.350Z] [WARN] [2026-05-19T14:23:07.347Z] GET /api/uploads/1d52282c012a133d1dbb77a7f36d971d.webp ➞ UNAUTHORIZED 401 (3ms)
[2026-05-19T14:24:48.192Z] [SUCCESS] [2026-05-19T14:24:48.124Z] GET /api/vehicles/ ➞ OK 200 (67ms)
[2026-05-19T14:24:48.195Z] [SUCCESS] [2026-05-19T14:24:48.138Z] GET /api/vehicleCategories/ ➞ OK 200 (57ms)
[2026-05-19T14:25:21.167Z] [SUCCESS] [2026-05-19T14:25:21.158Z] GET /api/uploads/1d52282c012a133d1dbb77a7f36d971d.webp ➞ OK 200 (9ms)
[2026-05-19T14:25:21.172Z] [SUCCESS] [2026-05-19T14:25:21.152Z] GET /api/uploads/b6a70b869d9303d721d19a9184f5655a.webp ➞ OK 200 (20ms)
[2026-05-19T14:26:53.116Z] [SUCCESS] [2026-05-19T14:26:53.114Z] OPTIONS /api/auth/user ➞ NO_CONTENT 204 (2ms)
[2026-05-19T14:26:53.117Z] [ERROR] [2026-05-19T14:26:53.117Z] OPTIONS /api/auth/user - undefined - Cannot set headers after they are sent to the client | User-Agent: Mozilla/5.0 (X11; Linux x86_64) AppleWebKit/537.36 (KHTML, like Gecko) elsass-catalogue-admin/1.0.2 Chrome/146.0.7680.216 Electron/41.5.1 Safari/537.36 | IP: ::1
[2026-05-19T14:26:53.125Z] [ERROR] [2026-05-19T14:26:53.125Z] GET /api/auth/user - 401 - Unauthorized | User-Agent: Mozilla/5.0 (X11; Linux x86_64) AppleWebKit/537.36 (KHTML, like Gecko) elsass-catalogue-admin/1.0.2 Chrome/146.0.7680.216 Electron/41.5.1 Safari/537.36 | IP: ::1
[2026-05-19T14:26:53.127Z] [WARN] [2026-05-19T14:26:53.119Z] GET /api/auth/user ➞ UNAUTHORIZED 401 (8ms)
[2026-05-19T14:26:53.172Z] [ERROR] [2026-05-19T14:26:53.172Z] GET /api/auth/user - 401 - Unauthorized | User-Agent: Mozilla/5.0 (X11; Linux x86_64) AppleWebKit/537.36 (KHTML, like Gecko) elsass-catalogue-admin/1.0.2 Chrome/146.0.7680.216 Electron/41.5.1 Safari/537.36 | IP: ::1
[2026-05-19T14:26:53.173Z] [WARN] [2026-05-19T14:26:53.168Z] GET /api/auth/user ➞ UNAUTHORIZED 401 (5ms)
[2026-05-19T14:26:54.512Z] [SUCCESS] [2026-05-19T14:26:54.508Z] OPTIONS /api/auth/sign-in ➞ NO_CONTENT 204 (4ms)
[2026-05-19T14:26:54.512Z] [ERROR] [2026-05-19T14:26:54.512Z] OPTIONS /api/auth/sign-in - undefined - Cannot set headers after they are sent to the client | User-Agent: Mozilla/5.0 (X11; Linux x86_64) AppleWebKit/537.36 (KHTML, like Gecko) elsass-catalogue-admin/1.0.2 Chrome/146.0.7680.216 Electron/41.5.1 Safari/537.36 | IP: ::1
[2026-05-19T14:26:54.643Z] [SUCCESS] [2026-05-19T14:26:54.518Z] POST /api/auth/sign-in ➞ OK 200 (125ms)
[2026-05-19T14:26:54.676Z] [SUCCESS] [2026-05-19T14:26:54.667Z] GET /api/auth/user ➞ OK 200 (9ms)
[2026-05-19T14:26:54.811Z] [SUCCESS] [2026-05-19T14:26:54.806Z] OPTIONS /api/vehicleCategories/ ➞ NO_CONTENT 204 (5ms)
[2026-05-19T14:26:54.812Z] [ERROR] [2026-05-19T14:26:54.812Z] OPTIONS /api/vehicleCategories/ - undefined - Cannot set headers after they are sent to the client | User-Agent: Mozilla/5.0 (X11; Linux x86_64) AppleWebKit/537.36 (KHTML, like Gecko) elsass-catalogue-admin/1.0.2 Chrome/146.0.7680.216 Electron/41.5.1 Safari/537.36 | IP: ::1
[2026-05-19T14:26:54.817Z] [SUCCESS] [2026-05-19T14:26:54.813Z] OPTIONS /api/vehicles/ ➞ NO_CONTENT 204 (4ms)
[2026-05-19T14:26:54.818Z] [ERROR] [2026-05-19T14:26:54.817Z] OPTIONS /api/vehicles/ - undefined - Cannot set headers after they are sent to the client | User-Agent: Mozilla/5.0 (X11; Linux x86_64) AppleWebKit/537.36 (KHTML, like Gecko) elsass-catalogue-admin/1.0.2 Chrome/146.0.7680.216 Electron/41.5.1 Safari/537.36 | IP: ::1
[2026-05-19T14:26:54.827Z] [SUCCESS] [2026-05-19T14:26:54.821Z] OPTIONS /api/circuits/ ➞ NO_CONTENT 204 (6ms)
[2026-05-19T14:26:54.828Z] [ERROR] [2026-05-19T14:26:54.828Z] OPTIONS /api/circuits/ - undefined - Cannot set headers after they are sent to the client | User-Agent: Mozilla/5.0 (X11; Linux x86_64) AppleWebKit/537.36 (KHTML, like Gecko) elsass-catalogue-admin/1.0.2 Chrome/146.0.7680.216 Electron/41.5.1 Safari/537.36 | IP: ::1
[2026-05-19T14:26:54.841Z] [SUCCESS] [2026-05-19T14:26:54.819Z] GET /api/vehicleCategories/ ➞ OK 200 (22ms)
[2026-05-19T14:26:54.859Z] [SUCCESS] [2026-05-19T14:26:54.836Z] GET /api/vehicles/ ➞ OK 200 (22ms)
[2026-05-19T14:26:54.861Z] [SUCCESS] [2026-05-19T14:26:54.842Z] GET /api/circuits/ ➞ OK 200 (19ms)
[2026-05-19T14:26:54.918Z] [SUCCESS] [2026-05-19T14:26:54.889Z] GET /api/uploads/b6a70b869d9303d721d19a9184f5655a.webp ➞ OK 200 (28ms)
[2026-05-19T14:26:54.918Z] [SUCCESS] [2026-05-19T14:26:54.893Z] GET /api/uploads/1d52282c012a133d1dbb77a7f36d971d.webp ➞ OK 200 (25ms)
[2026-05-19T14:26:54.928Z] [SUCCESS] [2026-05-19T14:26:54.897Z] GET /api/uploads/eca1bcfe03a403057d8ee3573253fe6c.webp ➞ OK 200 (31ms)
[2026-05-19T14:28:38.038Z] [SUCCESS] [2026-05-19T14:28:38.029Z] OPTIONS /api/upload/ ➞ NO_CONTENT 204 (9ms)
[2026-05-19T14:28:38.040Z] [ERROR] [2026-05-19T14:28:38.040Z] OPTIONS /api/upload/ - undefined - Cannot set headers after they are sent to the client | User-Agent: Mozilla/5.0 (X11; Linux x86_64) AppleWebKit/537.36 (KHTML, like Gecko) elsass-catalogue-admin/1.0.2 Chrome/146.0.7680.216 Electron/41.5.1 Safari/537.36 | IP: ::1
[2026-05-19T14:28:38.075Z] [SUCCESS] [2026-05-19T14:28:38.044Z] POST /api/upload/ ➞ CREATED 201 (31ms)
[2026-05-19T14:28:38.094Z] [SUCCESS] [2026-05-19T14:28:38.087Z] OPTIONS /api/vehicles/ ➞ NO_CONTENT 204 (7ms)
[2026-05-19T14:28:38.095Z] [ERROR] [2026-05-19T14:28:38.095Z] OPTIONS /api/vehicles/ - undefined - Cannot set headers after they are sent to the client | User-Agent: Mozilla/5.0 (X11; Linux x86_64) AppleWebKit/537.36 (KHTML, like Gecko) elsass-catalogue-admin/1.0.2 Chrome/146.0.7680.216 Electron/41.5.1 Safari/537.36 | IP: ::1
[2026-05-19T14:28:38.133Z] [SUCCESS] [2026-05-19T14:28:38.100Z] POST /api/vehicles/ ➞ CREATED 201 (33ms)
[2026-05-19T14:28:38.161Z] [SUCCESS] [2026-05-19T14:28:38.145Z] GET /api/vehicles/ ➞ OK 200 (16ms)
[2026-05-19T14:28:38.197Z] [SUCCESS] [2026-05-19T14:28:38.185Z] GET /api/uploads/d9523a0994ddb7f7b18203cc6558ab1f.jpeg ➞ OK 200 (12ms)
[2026-05-19T14:28:39.653Z] [SUCCESS] [2026-05-19T14:28:39.648Z] OPTIONS /api/vehicles/6/toggle ➞ NO_CONTENT 204 (5ms)
[2026-05-19T14:28:39.654Z] [ERROR] [2026-05-19T14:28:39.654Z] OPTIONS /api/vehicles/6/toggle - undefined - Cannot set headers after they are sent to the client | User-Agent: Mozilla/5.0 (X11; Linux x86_64) AppleWebKit/537.36 (KHTML, like Gecko) elsass-catalogue-admin/1.0.2 Chrome/146.0.7680.216 Electron/41.5.1 Safari/537.36 | IP: ::1
[2026-05-19T14:28:39.694Z] [SUCCESS] [2026-05-19T14:28:39.658Z] PUT /api/vehicles/6/toggle ➞ OK 200 (36ms)
[2026-05-19T14:28:39.726Z] [SUCCESS] [2026-05-19T14:28:39.705Z] GET /api/vehicles/ ➞ OK 200 (21ms)
[2026-05-19T14:28:51.477Z] [SUCCESS] [2026-05-19T14:28:51.470Z] GET /api/vehicleCategories/ ➞ OK 200 (7ms)
[2026-05-19T14:28:51.480Z] [SUCCESS] [2026-05-19T14:28:51.474Z] GET /api/vehicles/ ➞ OK 200 (6ms)
[2026-05-19T14:28:51.591Z] [SUCCESS] [2026-05-19T14:28:51.586Z] GET /api/uploads/d9523a0994ddb7f7b18203cc6558ab1f.jpeg ➞ OK 200 (5ms)
[2026-05-19T14:51:50.948Z] [SUCCESS] [2026-05-19T14:51:50.935Z] GET /api/circuits/ ➞ OK 200 (13ms)
[2026-05-19T14:51:51.012Z] [SUCCESS] [2026-05-19T14:51:51.000Z] GET /api/uploads/eca1bcfe03a403057d8ee3573253fe6c.webp ➞ OK 200 (12ms)
[2026-05-19T15:04:35.823Z] [SUCCESS] [2026-05-19T15:04:35.749Z] GET /api/vehicles/ ➞ OK 200 (74ms)
[2026-05-19T15:04:35.828Z] [SUCCESS] [2026-05-19T15:04:35.765Z] GET /api/vehicleCategories/ ➞ OK 200 (62ms)
[2026-05-19T15:04:37.146Z] [SUCCESS] [2026-05-19T15:04:37.129Z] GET /api/circuits/ ➞ OK 200 (16ms)
[2026-05-19T15:05:29.189Z] [SUCCESS] [2026-05-19T15:05:29.177Z] GET /api/vehicleCategories/ ➞ OK 200 (12ms)
[2026-05-19T15:05:29.192Z] [SUCCESS] [2026-05-19T15:05:29.182Z] GET /api/vehicles/ ➞ OK 200 (10ms)
[2026-05-19T15:05:31.060Z] [SUCCESS] [2026-05-19T15:05:31.049Z] GET /api/circuits/ ➞ OK 200 (11ms)
[2026-05-19T15:06:43.256Z] [SUCCESS] [2026-05-19T15:06:43.239Z] GET /api/vehicles/ ➞ OK 200 (17ms)
[2026-05-19T15:06:43.258Z] [SUCCESS] [2026-05-19T15:06:43.248Z] GET /api/vehicleCategories/ ➞ OK 200 (10ms)
[2026-05-19T15:06:46.536Z] [SUCCESS] [2026-05-19T15:06:46.522Z] GET /api/circuits/ ➞ OK 200 (14ms)
[2026-05-19T15:09:51.119Z] [SUCCESS] [2026-05-19T15:09:51.072Z] GET /api/vehicleCategories/ ➞ OK 200 (46ms)
[2026-05-19T15:09:51.123Z] [SUCCESS] [2026-05-19T15:09:51.058Z] GET /api/vehicles/ ➞ OK 200 (64ms)
[2026-05-19T15:09:57.102Z] [SUCCESS] [2026-05-19T15:09:57.088Z] GET /api/circuits/ ➞ OK 200 (13ms)
[2026-05-20T08:47:30.358Z] [SUCCESS] [2026-05-20T08:47:30.349Z] OPTIONS /api/auth/user ➞ NO_CONTENT 204 (7ms)
[2026-05-20T08:47:30.362Z] [ERROR] [2026-05-20T08:47:30.362Z] OPTIONS /api/auth/user - undefined - Cannot set headers after they are sent to the client | User-Agent: Mozilla/5.0 (X11; Linux x86_64) AppleWebKit/537.36 (KHTML, like Gecko) elsass-catalogue-admin/1.0.2 Chrome/146.0.7680.216 Electron/41.5.1 Safari/537.36 | IP: ::1
[2026-05-20T08:47:30.372Z] [ERROR] [2026-05-20T08:47:30.372Z] GET /api/auth/user - 401 - Unauthorized | User-Agent: Mozilla/5.0 (X11; Linux x86_64) AppleWebKit/537.36 (KHTML, like Gecko) elsass-catalogue-admin/1.0.2 Chrome/146.0.7680.216 Electron/41.5.1 Safari/537.36 | IP: ::1
[2026-05-20T08:47:30.375Z] [WARN] [2026-05-20T08:47:30.364Z] GET /api/auth/user ➞ UNAUTHORIZED 401 (11ms)
[2026-05-20T08:47:30.456Z] [ERROR] [2026-05-20T08:47:30.456Z] GET /api/auth/user - 401 - Unauthorized | User-Agent: Mozilla/5.0 (X11; Linux x86_64) AppleWebKit/537.36 (KHTML, like Gecko) elsass-catalogue-admin/1.0.2 Chrome/146.0.7680.216 Electron/41.5.1 Safari/537.36 | IP: ::1
[2026-05-20T08:47:30.458Z] [WARN] [2026-05-20T08:47:30.451Z] GET /api/auth/user ➞ UNAUTHORIZED 401 (7ms)
[2026-05-20T08:47:43.646Z] [SUCCESS] [2026-05-20T08:47:43.642Z] OPTIONS /api/auth/sign-in ➞ NO_CONTENT 204 (4ms)
[2026-05-20T08:47:43.647Z] [ERROR] [2026-05-20T08:47:43.647Z] OPTIONS /api/auth/sign-in - undefined - Cannot set headers after they are sent to the client | User-Agent: Mozilla/5.0 (X11; Linux x86_64) AppleWebKit/537.36 (KHTML, like Gecko) elsass-catalogue-admin/1.0.2 Chrome/146.0.7680.216 Electron/41.5.1 Safari/537.36 | IP: ::1
[2026-05-20T08:47:43.807Z] [SUCCESS] [2026-05-20T08:47:43.652Z] POST /api/auth/sign-in ➞ OK 200 (155ms)
[2026-05-20T08:47:43.825Z] [SUCCESS] [2026-05-20T08:47:43.824Z] OPTIONS /api/auth/user ➞ NO_CONTENT 204 (1ms)
[2026-05-20T08:47:43.826Z] [ERROR] [2026-05-20T08:47:43.826Z] OPTIONS /api/auth/user - undefined - Cannot set headers after they are sent to the client | User-Agent: Mozilla/5.0 (X11; Linux x86_64) AppleWebKit/537.36 (KHTML, like Gecko) elsass-catalogue-admin/1.0.2 Chrome/146.0.7680.216 Electron/41.5.1 Safari/537.36 | IP: ::1
[2026-05-20T08:47:43.836Z] [SUCCESS] [2026-05-20T08:47:43.828Z] GET /api/auth/user ➞ OK 200 (8ms)
[2026-05-20T08:47:43.885Z] [SUCCESS] [2026-05-20T08:47:43.884Z] OPTIONS /api/vehicleCategories/ ➞ NO_CONTENT 204 (1ms)
[2026-05-20T08:47:43.885Z] [ERROR] [2026-05-20T08:47:43.885Z] OPTIONS /api/vehicleCategories/ - undefined - Cannot set headers after they are sent to the client | User-Agent: Mozilla/5.0 (X11; Linux x86_64) AppleWebKit/537.36 (KHTML, like Gecko) elsass-catalogue-admin/1.0.2 Chrome/146.0.7680.216 Electron/41.5.1 Safari/537.36 | IP: ::1
[2026-05-20T08:47:43.889Z] [SUCCESS] [2026-05-20T08:47:43.887Z] OPTIONS /api/vehicles/ ➞ NO_CONTENT 204 (2ms)
[2026-05-20T08:47:43.889Z] [ERROR] [2026-05-20T08:47:43.889Z] OPTIONS /api/vehicles/ - undefined - Cannot set headers after they are sent to the client | User-Agent: Mozilla/5.0 (X11; Linux x86_64) AppleWebKit/537.36 (KHTML, like Gecko) elsass-catalogue-admin/1.0.2 Chrome/146.0.7680.216 Electron/41.5.1 Safari/537.36 | IP: ::1
[2026-05-20T08:47:43.894Z] [SUCCESS] [2026-05-20T08:47:43.892Z] OPTIONS /api/circuits/ ➞ NO_CONTENT 204 (2ms)
[2026-05-20T08:47:43.894Z] [ERROR] [2026-05-20T08:47:43.894Z] OPTIONS /api/circuits/ - undefined - Cannot set headers after they are sent to the client | User-Agent: Mozilla/5.0 (X11; Linux x86_64) AppleWebKit/537.36 (KHTML, like Gecko) elsass-catalogue-admin/1.0.2 Chrome/146.0.7680.216 Electron/41.5.1 Safari/537.36 | IP: ::1
[2026-05-20T08:47:43.906Z] [SUCCESS] [2026-05-20T08:47:43.890Z] GET /api/vehicleCategories/ ➞ OK 200 (16ms)
[2026-05-20T08:47:43.921Z] [SUCCESS] [2026-05-20T08:47:43.898Z] GET /api/vehicles/ ➞ OK 200 (23ms)
[2026-05-20T08:47:43.923Z] [SUCCESS] [2026-05-20T08:47:43.900Z] GET /api/circuits/ ➞ OK 200 (23ms)
[2026-05-20T08:47:43.951Z] [SUCCESS] [2026-05-20T08:47:43.939Z] GET /api/uploads/1d52282c012a133d1dbb77a7f36d971d.webp ➞ OK 200 (12ms)
[2026-05-20T08:47:43.952Z] [SUCCESS] [2026-05-20T08:47:43.941Z] GET /api/uploads/d9523a0994ddb7f7b18203cc6558ab1f.jpeg ➞ OK 200 (11ms)
[2026-05-20T08:47:43.952Z] [SUCCESS] [2026-05-20T08:47:43.936Z] GET /api/uploads/b6a70b869d9303d721d19a9184f5655a.webp ➞ OK 200 (16ms)
[2026-05-20T08:47:43.953Z] [SUCCESS] [2026-05-20T08:47:43.946Z] GET /api/uploads/eca1bcfe03a403057d8ee3573253fe6c.webp ➞ OK 200 (7ms)
[2026-05-20T09:23:37.951Z] [SUCCESS] [2026-05-20T09:23:37.940Z] OPTIONS /api/vehicles/ ➞ NO_CONTENT 204 (11ms)
[2026-05-20T09:23:37.953Z] [ERROR] [2026-05-20T09:23:37.953Z] OPTIONS /api/vehicles/ - undefined - Cannot set headers after they are sent to the client | User-Agent: Mozilla/5.0 (X11; Linux x86_64) AppleWebKit/537.36 (KHTML, like Gecko) elsass-catalogue-admin/1.0.2 Chrome/146.0.7680.216 Electron/41.5.1 Safari/537.36 | IP: ::1
[2026-05-20T09:23:37.958Z] [SUCCESS] [2026-05-20T09:23:37.955Z] OPTIONS /api/vehicleCategories/ ➞ NO_CONTENT 204 (3ms)
[2026-05-20T09:23:37.958Z] [ERROR] [2026-05-20T09:23:37.958Z] OPTIONS /api/vehicleCategories/ - undefined - Cannot set headers after they are sent to the client | User-Agent: Mozilla/5.0 (X11; Linux x86_64) AppleWebKit/537.36 (KHTML, like Gecko) elsass-catalogue-admin/1.0.2 Chrome/146.0.7680.216 Electron/41.5.1 Safari/537.36 | IP: ::1
[2026-05-20T09:23:37.977Z] [SUCCESS] [2026-05-20T09:23:37.960Z] GET /api/vehicles/ ➞ OK 200 (17ms)
[2026-05-20T09:23:37.979Z] [SUCCESS] [2026-05-20T09:23:37.964Z] GET /api/vehicleCategories/ ➞ OK 200 (14ms)
[2026-05-20T09:23:38.021Z] [SUCCESS] [2026-05-20T09:23:37.998Z] GET /api/uploads/b6a70b869d9303d721d19a9184f5655a.webp ➞ OK 200 (23ms)
[2026-05-20T09:23:38.027Z] [SUCCESS] [2026-05-20T09:23:38.001Z] GET /api/uploads/1d52282c012a133d1dbb77a7f36d971d.webp ➞ OK 200 (25ms)
[2026-05-20T09:23:38.030Z] [SUCCESS] [2026-05-20T09:23:38.016Z] GET /api/uploads/d9523a0994ddb7f7b18203cc6558ab1f.jpeg ➞ OK 200 (13ms)
[2026-05-28T08:36:58.172Z] [SUCCESS] [2026-05-28T08:36:58.162Z] OPTIONS /api/auth/sign-in ➞ NO_CONTENT 204 (10ms)
[2026-05-28T08:36:58.177Z] [ERROR] [2026-05-28T08:36:58.177Z] OPTIONS /api/auth/sign-in - undefined - Cannot set headers after they are sent to the client | User-Agent: Mozilla/5.0 (X11; Linux x86_64) AppleWebKit/537.36 (KHTML, like Gecko) elsass-catalogue-admin/1.0.9 Chrome/146.0.7680.216 Electron/41.5.1 Safari/537.36 | IP: ::1
[2026-05-28T08:36:58.271Z] [SUCCESS] [2026-05-28T08:36:58.178Z] POST /api/auth/sign-in ➞ OK 200 (93ms)
[2026-05-28T08:36:58.289Z] [SUCCESS] [2026-05-28T08:36:58.287Z] OPTIONS /api/auth/user ➞ NO_CONTENT 204 (2ms)
[2026-05-28T08:36:58.290Z] [ERROR] [2026-05-28T08:36:58.290Z] OPTIONS /api/auth/user - undefined - Cannot set headers after they are sent to the client | User-Agent: Mozilla/5.0 (X11; Linux x86_64) AppleWebKit/537.36 (KHTML, like Gecko) elsass-catalogue-admin/1.0.9 Chrome/146.0.7680.216 Electron/41.5.1 Safari/537.36 | IP: ::1
[2026-05-28T08:36:58.302Z] [SUCCESS] [2026-05-28T08:36:58.293Z] GET /api/auth/user ➞ OK 200 (9ms)
[2026-05-28T08:36:58.366Z] [SUCCESS] [2026-05-28T08:36:58.364Z] OPTIONS /api/vehicleCategories/ ➞ NO_CONTENT 204 (2ms)
[2026-05-28T08:36:58.367Z] [ERROR] [2026-05-28T08:36:58.366Z] OPTIONS /api/vehicleCategories/ - undefined - Cannot set headers after they are sent to the client | User-Agent: Mozilla/5.0 (X11; Linux x86_64) AppleWebKit/537.36 (KHTML, like Gecko) elsass-catalogue-admin/1.0.9 Chrome/146.0.7680.216 Electron/41.5.1 Safari/537.36 | IP: ::1
[2026-05-28T08:36:58.369Z] [SUCCESS] [2026-05-28T08:36:58.368Z] OPTIONS /api/vehicles/ ➞ NO_CONTENT 204 (1ms)
[2026-05-28T08:36:58.370Z] [ERROR] [2026-05-28T08:36:58.370Z] OPTIONS /api/vehicles/ - undefined - Cannot set headers after they are sent to the client | User-Agent: Mozilla/5.0 (X11; Linux x86_64) AppleWebKit/537.36 (KHTML, like Gecko) elsass-catalogue-admin/1.0.9 Chrome/146.0.7680.216 Electron/41.5.1 Safari/537.36 | IP: ::1
[2026-05-28T08:36:58.374Z] [SUCCESS] [2026-05-28T08:36:58.372Z] OPTIONS /api/circuits/ ➞ NO_CONTENT 204 (2ms)
[2026-05-28T08:36:58.374Z] [ERROR] [2026-05-28T08:36:58.374Z] OPTIONS /api/circuits/ - undefined - Cannot set headers after they are sent to the client | User-Agent: Mozilla/5.0 (X11; Linux x86_64) AppleWebKit/537.36 (KHTML, like Gecko) elsass-catalogue-admin/1.0.9 Chrome/146.0.7680.216 Electron/41.5.1 Safari/537.36 | IP: ::1
[2026-05-28T08:36:58.385Z] [SUCCESS] [2026-05-28T08:36:58.370Z] GET /api/vehicleCategories/ ➞ OK 200 (15ms)
[2026-05-28T08:36:58.398Z] [SUCCESS] [2026-05-28T08:36:58.378Z] GET /api/vehicles/ ➞ OK 200 (20ms)
[2026-05-28T08:36:58.402Z] [SUCCESS] [2026-05-28T08:36:58.381Z] GET /api/circuits/ ➞ OK 200 (21ms)
[2026-05-28T08:43:12.631Z] [SUCCESS] [2026-05-28T08:43:12.629Z] OPTIONS /api/auth/user ➞ NO_CONTENT 204 (2ms)
[2026-05-28T08:43:12.632Z] [ERROR] [2026-05-28T08:43:12.632Z] OPTIONS /api/auth/user - undefined - Cannot set headers after they are sent to the client | User-Agent: Mozilla/5.0 (X11; Linux x86_64) AppleWebKit/537.36 (KHTML, like Gecko) elsass-catalogue-admin/1.0.9 Chrome/146.0.7680.216 Electron/41.5.1 Safari/537.36 | IP: ::1
[2026-05-28T08:43:12.640Z] [SUCCESS] [2026-05-28T08:43:12.634Z] GET /api/auth/user ➞ OK 200 (6ms)
[2026-05-28T08:43:12.671Z] [SUCCESS] [2026-05-28T08:43:12.669Z] OPTIONS /api/vehicleCategories/ ➞ NO_CONTENT 204 (2ms)
[2026-05-28T08:43:12.671Z] [ERROR] [2026-05-28T08:43:12.671Z] OPTIONS /api/vehicleCategories/ - undefined - Cannot set headers after they are sent to the client | User-Agent: Mozilla/5.0 (X11; Linux x86_64) AppleWebKit/537.36 (KHTML, like Gecko) elsass-catalogue-admin/1.0.9 Chrome/146.0.7680.216 Electron/41.5.1 Safari/537.36 | IP: ::1
[2026-05-28T08:43:12.675Z] [SUCCESS] [2026-05-28T08:43:12.673Z] OPTIONS /api/vehicles/ ➞ NO_CONTENT 204 (2ms)
[2026-05-28T08:43:12.675Z] [ERROR] [2026-05-28T08:43:12.675Z] OPTIONS /api/vehicles/ - undefined - Cannot set headers after they are sent to the client | User-Agent: Mozilla/5.0 (X11; Linux x86_64) AppleWebKit/537.36 (KHTML, like Gecko) elsass-catalogue-admin/1.0.9 Chrome/146.0.7680.216 Electron/41.5.1 Safari/537.36 | IP: ::1
[2026-05-28T08:43:12.689Z] [SUCCESS] [2026-05-28T08:43:12.677Z] GET /api/vehicleCategories/ ➞ OK 200 (11ms)
[2026-05-28T08:43:12.690Z] [SUCCESS] [2026-05-28T08:43:12.680Z] GET /api/vehicles/ ➞ OK 200 (10ms)
[2026-05-28T08:43:28.210Z] [SUCCESS] [2026-05-28T08:43:28.208Z] OPTIONS /api/auth/user ➞ NO_CONTENT 204 (2ms)
[2026-05-28T08:43:28.210Z] [ERROR] [2026-05-28T08:43:28.210Z] OPTIONS /api/auth/user - undefined - Cannot set headers after they are sent to the client | User-Agent: Mozilla/5.0 (X11; Linux x86_64) AppleWebKit/537.36 (KHTML, like Gecko) elsass-catalogue-admin/1.0.9 Chrome/146.0.7680.216 Electron/41.5.1 Safari/537.36 | IP: ::1
[2026-05-28T08:43:28.219Z] [SUCCESS] [2026-05-28T08:43:28.214Z] GET /api/auth/user ➞ OK 200 (5ms)
[2026-05-28T08:43:28.239Z] [SUCCESS] [2026-05-28T08:43:28.236Z] OPTIONS /api/vehicleCategories/ ➞ NO_CONTENT 204 (2ms)
[2026-05-28T08:43:28.239Z] [ERROR] [2026-05-28T08:43:28.239Z] OPTIONS /api/vehicleCategories/ - undefined - Cannot set headers after they are sent to the client | User-Agent: Mozilla/5.0 (X11; Linux x86_64) AppleWebKit/537.36 (KHTML, like Gecko) elsass-catalogue-admin/1.0.9 Chrome/146.0.7680.216 Electron/41.5.1 Safari/537.36 | IP: ::1
[2026-05-28T08:43:28.242Z] [SUCCESS] [2026-05-28T08:43:28.240Z] OPTIONS /api/vehicles/ ➞ NO_CONTENT 204 (2ms)
[2026-05-28T08:43:28.242Z] [ERROR] [2026-05-28T08:43:28.242Z] OPTIONS /api/vehicles/ - undefined - Cannot set headers after they are sent to the client | User-Agent: Mozilla/5.0 (X11; Linux x86_64) AppleWebKit/537.36 (KHTML, like Gecko) elsass-catalogue-admin/1.0.9 Chrome/146.0.7680.216 Electron/41.5.1 Safari/537.36 | IP: ::1
[2026-05-28T08:43:28.252Z] [SUCCESS] [2026-05-28T08:43:28.243Z] GET /api/vehicleCategories/ ➞ OK 200 (9ms)
[2026-05-28T08:43:28.253Z] [SUCCESS] [2026-05-28T08:43:28.245Z] GET /api/vehicles/ ➞ OK 200 (8ms)
[2026-05-28T08:43:58.673Z] [SUCCESS] [2026-05-28T08:43:58.671Z] OPTIONS /api/auth/user ➞ NO_CONTENT 204 (2ms)
[2026-05-28T08:43:58.673Z] [ERROR] [2026-05-28T08:43:58.673Z] OPTIONS /api/auth/user - undefined - Cannot set headers after they are sent to the client | User-Agent: Mozilla/5.0 (X11; Linux x86_64) AppleWebKit/537.36 (KHTML, like Gecko) elsass-catalogue-admin/1.0.9 Chrome/146.0.7680.216 Electron/41.5.1 Safari/537.36 | IP: ::1
[2026-05-28T08:43:58.683Z] [SUCCESS] [2026-05-28T08:43:58.678Z] GET /api/auth/user ➞ OK 200 (5ms)
[2026-05-28T08:43:58.711Z] [SUCCESS] [2026-05-28T08:43:58.709Z] OPTIONS /api/vehicleCategories/ ➞ NO_CONTENT 204 (2ms)
[2026-05-28T08:43:58.711Z] [ERROR] [2026-05-28T08:43:58.711Z] OPTIONS /api/vehicleCategories/ - undefined - Cannot set headers after they are sent to the client | User-Agent: Mozilla/5.0 (X11; Linux x86_64) AppleWebKit/537.36 (KHTML, like Gecko) elsass-catalogue-admin/1.0.9 Chrome/146.0.7680.216 Electron/41.5.1 Safari/537.36 | IP: ::1
[2026-05-28T08:43:58.714Z] [SUCCESS] [2026-05-28T08:43:58.712Z] OPTIONS /api/vehicles/ ➞ NO_CONTENT 204 (2ms)
[2026-05-28T08:43:58.715Z] [ERROR] [2026-05-28T08:43:58.715Z] OPTIONS /api/vehicles/ - undefined - Cannot set headers after they are sent to the client | User-Agent: Mozilla/5.0 (X11; Linux x86_64) AppleWebKit/537.36 (KHTML, like Gecko) elsass-catalogue-admin/1.0.9 Chrome/146.0.7680.216 Electron/41.5.1 Safari/537.36 | IP: ::1
[2026-05-28T08:43:58.725Z] [SUCCESS] [2026-05-28T08:43:58.716Z] GET /api/vehicleCategories/ ➞ OK 200 (9ms)
[2026-05-28T08:43:58.726Z] [SUCCESS] [2026-05-28T08:43:58.718Z] GET /api/vehicles/ ➞ OK 200 (8ms)
[2026-05-28T08:44:03.391Z] [SUCCESS] [2026-05-28T08:44:03.388Z] GET /api/auth/user ➞ OK 200 (3ms)
[2026-05-28T08:44:03.411Z] [SUCCESS] [2026-05-28T08:44:03.403Z] GET /api/vehicleCategories/ ➞ OK 200 (8ms)
[2026-05-28T08:44:03.413Z] [SUCCESS] [2026-05-28T08:44:03.404Z] GET /api/vehicles/ ➞ OK 200 (9ms)
[2026-05-28T08:51:03.038Z] [SUCCESS] [2026-05-28T08:51:03.036Z] OPTIONS /api/foodCategories/ ➞ NO_CONTENT 204 (2ms)
[2026-05-28T08:51:03.038Z] [ERROR] [2026-05-28T08:51:03.038Z] OPTIONS /api/foodCategories/ - undefined - Cannot set headers after they are sent to the client | User-Agent: Mozilla/5.0 (X11; Linux x86_64) AppleWebKit/537.36 (KHTML, like Gecko) elsass-catalogue-admin/1.0.9 Chrome/146.0.7680.216 Electron/41.5.1 Safari/537.36 | IP: ::1
[2026-05-28T08:51:03.042Z] [SUCCESS] [2026-05-28T08:51:03.039Z] OPTIONS /api/foodItems/ ➞ NO_CONTENT 204 (3ms)
[2026-05-28T08:51:03.042Z] [ERROR] [2026-05-28T08:51:03.042Z] OPTIONS /api/foodItems/ - undefined - Cannot set headers after they are sent to the client | User-Agent: Mozilla/5.0 (X11; Linux x86_64) AppleWebKit/537.36 (KHTML, like Gecko) elsass-catalogue-admin/1.0.9 Chrome/146.0.7680.216 Electron/41.5.1 Safari/537.36 | IP: ::1
[2026-05-28T08:51:03.049Z] [ERROR] [2026-05-28T08:51:03.049Z] GET /api/foodCategories/ - undefined - Cannot read properties of undefined (reading 'findAll') | User-Agent: Mozilla/5.0 (X11; Linux x86_64) AppleWebKit/537.36 (KHTML, like Gecko) elsass-catalogue-admin/1.0.9 Chrome/146.0.7680.216 Electron/41.5.1 Safari/537.36 | IP: ::1
[2026-05-28T08:51:03.051Z] [ERROR] [2026-05-28T08:51:03.043Z] GET /api/foodCategories/ ➞ INTERNAL_SERVER_ERROR 500 (8ms)
[2026-05-28T08:51:03.054Z] [ERROR] [2026-05-28T08:51:03.054Z] GET /api/foodItems/ - undefined - Cannot read properties of undefined (reading 'findAll') | User-Agent: Mozilla/5.0 (X11; Linux x86_64) AppleWebKit/537.36 (KHTML, like Gecko) elsass-catalogue-admin/1.0.9 Chrome/146.0.7680.216 Electron/41.5.1 Safari/537.36 | IP: ::1
[2026-05-28T08:51:03.055Z] [ERROR] [2026-05-28T08:51:03.045Z] GET /api/foodItems/ ➞ INTERNAL_SERVER_ERROR 500 (10ms)
[2026-05-28T08:51:07.619Z] [ERROR] [2026-05-28T08:51:07.619Z] GET /api/foodCategories/ - undefined - Cannot read properties of undefined (reading 'findAll') | User-Agent: Mozilla/5.0 (X11; Linux x86_64) AppleWebKit/537.36 (KHTML, like Gecko) elsass-catalogue-admin/1.0.9 Chrome/146.0.7680.216 Electron/41.5.1 Safari/537.36 | IP: ::1
[2026-05-28T08:51:07.620Z] [ERROR] [2026-05-28T08:51:07.609Z] GET /api/foodCategories/ ➞ INTERNAL_SERVER_ERROR 500 (11ms)
[2026-05-28T08:51:07.623Z] [ERROR] [2026-05-28T08:51:07.623Z] GET /api/foodItems/ - undefined - Cannot read properties of undefined (reading 'findAll') | User-Agent: Mozilla/5.0 (X11; Linux x86_64) AppleWebKit/537.36 (KHTML, like Gecko) elsass-catalogue-admin/1.0.9 Chrome/146.0.7680.216 Electron/41.5.1 Safari/537.36 | IP: ::1
[2026-05-28T08:51:07.624Z] [ERROR] [2026-05-28T08:51:07.614Z] GET /api/foodItems/ ➞ INTERNAL_SERVER_ERROR 500 (10ms)
[2026-05-28T08:51:10.966Z] [SUCCESS] [2026-05-28T08:51:10.963Z] OPTIONS /api/circuits/ ➞ NO_CONTENT 204 (3ms)
[2026-05-28T08:51:10.966Z] [ERROR] [2026-05-28T08:51:10.966Z] OPTIONS /api/circuits/ - undefined - Cannot set headers after they are sent to the client | User-Agent: Mozilla/5.0 (X11; Linux x86_64) AppleWebKit/537.36 (KHTML, like Gecko) elsass-catalogue-admin/1.0.9 Chrome/146.0.7680.216 Electron/41.5.1 Safari/537.36 | IP: ::1
[2026-05-28T08:51:10.976Z] [SUCCESS] [2026-05-28T08:51:10.967Z] GET /api/circuits/ ➞ OK 200 (9ms)
[2026-05-28T08:58:21.736Z] [SUCCESS] [2026-05-28T08:58:21.734Z] OPTIONS /api/auth/user ➞ NO_CONTENT 204 (2ms)
[2026-05-28T08:58:21.736Z] [ERROR] [2026-05-28T08:58:21.736Z] OPTIONS /api/auth/user - undefined - Cannot set headers after they are sent to the client | User-Agent: Mozilla/5.0 (X11; Linux x86_64) AppleWebKit/537.36 (KHTML, like Gecko) elsass-catalogue-admin/1.0.9 Chrome/146.0.7680.216 Electron/41.5.1 Safari/537.36 | IP: ::1
[2026-05-28T08:58:21.742Z] [SUCCESS] [2026-05-28T08:58:21.738Z] GET /api/auth/user ➞ OK 200 (4ms)
[2026-05-28T08:58:21.770Z] [SUCCESS] [2026-05-28T08:58:21.768Z] OPTIONS /api/vehicleCategories/ ➞ NO_CONTENT 204 (2ms)
[2026-05-28T08:58:21.771Z] [ERROR] [2026-05-28T08:58:21.770Z] OPTIONS /api/vehicleCategories/ - undefined - Cannot set headers after they are sent to the client | User-Agent: Mozilla/5.0 (X11; Linux x86_64) AppleWebKit/537.36 (KHTML, like Gecko) elsass-catalogue-admin/1.0.9 Chrome/146.0.7680.216 Electron/41.5.1 Safari/537.36 | IP: ::1
[2026-05-28T08:58:21.774Z] [SUCCESS] [2026-05-28T08:58:21.771Z] OPTIONS /api/vehicles/ ➞ NO_CONTENT 204 (3ms)
[2026-05-28T08:58:21.774Z] [ERROR] [2026-05-28T08:58:21.774Z] OPTIONS /api/vehicles/ - undefined - Cannot set headers after they are sent to the client | User-Agent: Mozilla/5.0 (X11; Linux x86_64) AppleWebKit/537.36 (KHTML, like Gecko) elsass-catalogue-admin/1.0.9 Chrome/146.0.7680.216 Electron/41.5.1 Safari/537.36 | IP: ::1
[2026-05-28T08:58:21.783Z] [SUCCESS] [2026-05-28T08:58:21.775Z] GET /api/vehicleCategories/ ➞ OK 200 (8ms)
[2026-05-28T08:58:21.784Z] [SUCCESS] [2026-05-28T08:58:21.777Z] GET /api/vehicles/ ➞ OK 200 (7ms)
[2026-05-28T08:58:24.758Z] [SUCCESS] [2026-05-28T08:58:24.755Z] OPTIONS /api/foodCategories/ ➞ NO_CONTENT 204 (3ms)
[2026-05-28T08:58:24.758Z] [ERROR] [2026-05-28T08:58:24.758Z] OPTIONS /api/foodCategories/ - undefined - Cannot set headers after they are sent to the client | User-Agent: Mozilla/5.0 (X11; Linux x86_64) AppleWebKit/537.36 (KHTML, like Gecko) elsass-catalogue-admin/1.0.9 Chrome/146.0.7680.216 Electron/41.5.1 Safari/537.36 | IP: ::1
[2026-05-28T08:58:24.761Z] [SUCCESS] [2026-05-28T08:58:24.759Z] OPTIONS /api/foodItems/ ➞ NO_CONTENT 204 (2ms)
[2026-05-28T08:58:24.761Z] [ERROR] [2026-05-28T08:58:24.761Z] OPTIONS /api/foodItems/ - undefined - Cannot set headers after they are sent to the client | User-Agent: Mozilla/5.0 (X11; Linux x86_64) AppleWebKit/537.36 (KHTML, like Gecko) elsass-catalogue-admin/1.0.9 Chrome/146.0.7680.216 Electron/41.5.1 Safari/537.36 | IP: ::1
[2026-05-28T08:58:24.770Z] [ERROR] [2026-05-28T08:58:24.769Z] GET /api/foodCategories/ - undefined - Cannot read properties of undefined (reading 'findAll') | User-Agent: Mozilla/5.0 (X11; Linux x86_64) AppleWebKit/537.36 (KHTML, like Gecko) elsass-catalogue-admin/1.0.9 Chrome/146.0.7680.216 Electron/41.5.1 Safari/537.36 | IP: ::1
[2026-05-28T08:58:24.771Z] [ERROR] [2026-05-28T08:58:24.762Z] GET /api/foodCategories/ ➞ INTERNAL_SERVER_ERROR 500 (9ms)
[2026-05-28T08:58:24.774Z] [ERROR] [2026-05-28T08:58:24.774Z] GET /api/foodItems/ - undefined - Cannot read properties of undefined (reading 'findAll') | User-Agent: Mozilla/5.0 (X11; Linux x86_64) AppleWebKit/537.36 (KHTML, like Gecko) elsass-catalogue-admin/1.0.9 Chrome/146.0.7680.216 Electron/41.5.1 Safari/537.36 | IP: ::1
[2026-05-28T08:58:24.776Z] [ERROR] [2026-05-28T08:58:24.763Z] GET /api/foodItems/ ➞ INTERNAL_SERVER_ERROR 500 (13ms)
[2026-05-28T08:58:25.933Z] [ERROR] [2026-05-28T08:58:25.933Z] GET /api/foodItems/ - undefined - Cannot read properties of undefined (reading 'findAll') | User-Agent: Mozilla/5.0 (X11; Linux x86_64) AppleWebKit/537.36 (KHTML, like Gecko) elsass-catalogue-admin/1.0.9 Chrome/146.0.7680.216 Electron/41.5.1 Safari/537.36 | IP: ::1
[2026-05-28T08:58:25.934Z] [ERROR] [2026-05-28T08:58:25.928Z] GET /api/foodItems/ ➞ INTERNAL_SERVER_ERROR 500 (6ms)
[2026-05-28T08:58:25.936Z] [ERROR] [2026-05-28T08:58:25.936Z] GET /api/foodCategories/ - undefined - Cannot read properties of undefined (reading 'findAll') | User-Agent: Mozilla/5.0 (X11; Linux x86_64) AppleWebKit/537.36 (KHTML, like Gecko) elsass-catalogue-admin/1.0.9 Chrome/146.0.7680.216 Electron/41.5.1 Safari/537.36 | IP: ::1
[2026-05-28T08:58:25.937Z] [ERROR] [2026-05-28T08:58:25.930Z] GET /api/foodCategories/ ➞ INTERNAL_SERVER_ERROR 500 (7ms)
[2026-05-28T08:58:27.088Z] [SUCCESS] [2026-05-28T08:58:27.086Z] OPTIONS /api/drinkCategories/ ➞ NO_CONTENT 204 (1ms)
[2026-05-28T08:58:27.088Z] [ERROR] [2026-05-28T08:58:27.088Z] OPTIONS /api/drinkCategories/ - undefined - Cannot set headers after they are sent to the client | User-Agent: Mozilla/5.0 (X11; Linux x86_64) AppleWebKit/537.36 (KHTML, like Gecko) elsass-catalogue-admin/1.0.9 Chrome/146.0.7680.216 Electron/41.5.1 Safari/537.36 | IP: ::1
[2026-05-28T08:58:27.091Z] [SUCCESS] [2026-05-28T08:58:27.089Z] OPTIONS /api/drinkItems/ ➞ NO_CONTENT 204 (2ms)
[2026-05-28T08:58:27.091Z] [ERROR] [2026-05-28T08:58:27.091Z] OPTIONS /api/drinkItems/ - undefined - Cannot set headers after they are sent to the client | User-Agent: Mozilla/5.0 (X11; Linux x86_64) AppleWebKit/537.36 (KHTML, like Gecko) elsass-catalogue-admin/1.0.9 Chrome/146.0.7680.216 Electron/41.5.1 Safari/537.36 | IP: ::1
[2026-05-28T08:58:27.096Z] [ERROR] [2026-05-28T08:58:27.096Z] GET /api/drinkCategories/ - undefined - Cannot read properties of undefined (reading 'findAll') | User-Agent: Mozilla/5.0 (X11; Linux x86_64) AppleWebKit/537.36 (KHTML, like Gecko) elsass-catalogue-admin/1.0.9 Chrome/146.0.7680.216 Electron/41.5.1 Safari/537.36 | IP: ::1
[2026-05-28T08:58:27.097Z] [ERROR] [2026-05-28T08:58:27.092Z] GET /api/drinkCategories/ ➞ INTERNAL_SERVER_ERROR 500 (5ms)
[2026-05-28T08:58:27.100Z] [ERROR] [2026-05-28T08:58:27.100Z] GET /api/drinkItems/ - undefined - Cannot read properties of undefined (reading 'findAll') | User-Agent: Mozilla/5.0 (X11; Linux x86_64) AppleWebKit/537.36 (KHTML, like Gecko) elsass-catalogue-admin/1.0.9 Chrome/146.0.7680.216 Electron/41.5.1 Safari/537.36 | IP: ::1
[2026-05-28T08:58:27.101Z] [ERROR] [2026-05-28T08:58:27.093Z] GET /api/drinkItems/ ➞ INTERNAL_SERVER_ERROR 500 (8ms)
[2026-05-28T08:58:27.675Z] [ERROR] [2026-05-28T08:58:27.675Z] GET /api/drinkItems/ - undefined - Cannot read properties of undefined (reading 'findAll') | User-Agent: Mozilla/5.0 (X11; Linux x86_64) AppleWebKit/537.36 (KHTML, like Gecko) elsass-catalogue-admin/1.0.9 Chrome/146.0.7680.216 Electron/41.5.1 Safari/537.36 | IP: ::1
[2026-05-28T08:58:27.676Z] [ERROR] [2026-05-28T08:58:27.668Z] GET /api/drinkItems/ ➞ INTERNAL_SERVER_ERROR 500 (8ms)
[2026-05-28T08:58:27.678Z] [ERROR] [2026-05-28T08:58:27.678Z] GET /api/drinkCategories/ - undefined - Cannot read properties of undefined (reading 'findAll') | User-Agent: Mozilla/5.0 (X11; Linux x86_64) AppleWebKit/537.36 (KHTML, like Gecko) elsass-catalogue-admin/1.0.9 Chrome/146.0.7680.216 Electron/41.5.1 Safari/537.36 | IP: ::1
[2026-05-28T08:58:27.679Z] [ERROR] [2026-05-28T08:58:27.670Z] GET /api/drinkCategories/ ➞ INTERNAL_SERVER_ERROR 500 (9ms)
[2026-05-28T08:58:31.137Z] [SUCCESS] [2026-05-28T08:58:31.135Z] OPTIONS /api/arcadeItems/ ➞ NO_CONTENT 204 (2ms)
[2026-05-28T08:58:31.138Z] [ERROR] [2026-05-28T08:58:31.138Z] OPTIONS /api/arcadeItems/ - undefined - Cannot set headers after they are sent to the client | User-Agent: Mozilla/5.0 (X11; Linux x86_64) AppleWebKit/537.36 (KHTML, like Gecko) elsass-catalogue-admin/1.0.9 Chrome/146.0.7680.216 Electron/41.5.1 Safari/537.36 | IP: ::1
[2026-05-28T08:58:31.143Z] [ERROR] [2026-05-28T08:58:31.143Z] GET /api/arcadeItems/ - undefined - Cannot read properties of undefined (reading 'findAll') | User-Agent: Mozilla/5.0 (X11; Linux x86_64) AppleWebKit/537.36 (KHTML, like Gecko) elsass-catalogue-admin/1.0.9 Chrome/146.0.7680.216 Electron/41.5.1 Safari/537.36 | IP: ::1
[2026-05-28T08:58:31.144Z] [ERROR] [2026-05-28T08:58:31.139Z] GET /api/arcadeItems/ ➞ INTERNAL_SERVER_ERROR 500 (5ms)
[2026-05-28T08:58:36.851Z] [SUCCESS] [2026-05-28T08:58:36.849Z] OPTIONS /api/foodCategories/ ➞ NO_CONTENT 204 (2ms)
[2026-05-28T08:58:36.851Z] [ERROR] [2026-05-28T08:58:36.851Z] OPTIONS /api/foodCategories/ - undefined - Cannot set headers after they are sent to the client | User-Agent: Mozilla/5.0 (X11; Linux x86_64) AppleWebKit/537.36 (KHTML, like Gecko) elsass-catalogue-admin/1.0.9 Chrome/146.0.7680.216 Electron/41.5.1 Safari/537.36 | IP: ::1
[2026-05-28T08:58:36.855Z] [SUCCESS] [2026-05-28T08:58:36.853Z] OPTIONS /api/foodItems/ ➞ NO_CONTENT 204 (2ms)
[2026-05-28T08:58:36.855Z] [ERROR] [2026-05-28T08:58:36.855Z] OPTIONS /api/foodItems/ - undefined - Cannot set headers after they are sent to the client | User-Agent: Mozilla/5.0 (X11; Linux x86_64) AppleWebKit/537.36 (KHTML, like Gecko) elsass-catalogue-admin/1.0.9 Chrome/146.0.7680.216 Electron/41.5.1 Safari/537.36 | IP: ::1
[2026-05-28T08:58:36.866Z] [ERROR] [2026-05-28T08:58:36.866Z] GET /api/foodCategories/ - undefined - Cannot read properties of undefined (reading 'findAll') | User-Agent: Mozilla/5.0 (X11; Linux x86_64) AppleWebKit/537.36 (KHTML, like Gecko) elsass-catalogue-admin/1.0.9 Chrome/146.0.7680.216 Electron/41.5.1 Safari/537.36 | IP: ::1
[2026-05-28T08:58:36.867Z] [ERROR] [2026-05-28T08:58:36.856Z] GET /api/foodCategories/ ➞ INTERNAL_SERVER_ERROR 500 (11ms)
[2026-05-28T08:58:36.869Z] [ERROR] [2026-05-28T08:58:36.869Z] GET /api/foodItems/ - undefined - Cannot read properties of undefined (reading 'findAll') | User-Agent: Mozilla/5.0 (X11; Linux x86_64) AppleWebKit/537.36 (KHTML, like Gecko) elsass-catalogue-admin/1.0.9 Chrome/146.0.7680.216 Electron/41.5.1 Safari/537.36 | IP: ::1
[2026-05-28T08:58:36.870Z] [ERROR] [2026-05-28T08:58:36.861Z] GET /api/foodItems/ ➞ INTERNAL_SERVER_ERROR 500 (9ms)
[2026-05-28T08:58:38.104Z] [ERROR] [2026-05-28T08:58:38.104Z] GET /api/foodItems/ - undefined - Cannot read properties of undefined (reading 'findAll') | User-Agent: Mozilla/5.0 (X11; Linux x86_64) AppleWebKit/537.36 (KHTML, like Gecko) elsass-catalogue-admin/1.0.9 Chrome/146.0.7680.216 Electron/41.5.1 Safari/537.36 | IP: ::1
[2026-05-28T08:58:38.105Z] [ERROR] [2026-05-28T08:58:38.099Z] GET /api/foodItems/ ➞ INTERNAL_SERVER_ERROR 500 (6ms)
[2026-05-28T08:58:38.107Z] [ERROR] [2026-05-28T08:58:38.107Z] GET /api/foodCategories/ - undefined - Cannot read properties of undefined (reading 'findAll') | User-Agent: Mozilla/5.0 (X11; Linux x86_64) AppleWebKit/537.36 (KHTML, like Gecko) elsass-catalogue-admin/1.0.9 Chrome/146.0.7680.216 Electron/41.5.1 Safari/537.36 | IP: ::1
[2026-05-28T08:58:38.108Z] [ERROR] [2026-05-28T08:58:38.101Z] GET /api/foodCategories/ ➞ INTERNAL_SERVER_ERROR 500 (7ms)
[2026-05-28T08:58:38.830Z] [ERROR] [2026-05-28T08:58:38.830Z] GET /api/foodCategories/ - undefined - Cannot read properties of undefined (reading 'findAll') | User-Agent: Mozilla/5.0 (X11; Linux x86_64) AppleWebKit/537.36 (KHTML, like Gecko) elsass-catalogue-admin/1.0.9 Chrome/146.0.7680.216 Electron/41.5.1 Safari/537.36 | IP: ::1
[2026-05-28T08:58:38.832Z] [ERROR] [2026-05-28T08:58:38.823Z] GET /api/foodCategories/ ➞ INTERNAL_SERVER_ERROR 500 (9ms)
[2026-05-28T08:58:38.835Z] [ERROR] [2026-05-28T08:58:38.835Z] GET /api/foodItems/ - undefined - Cannot read properties of undefined (reading 'findAll') | User-Agent: Mozilla/5.0 (X11; Linux x86_64) AppleWebKit/537.36 (KHTML, like Gecko) elsass-catalogue-admin/1.0.9 Chrome/146.0.7680.216 Electron/41.5.1 Safari/537.36 | IP: ::1
[2026-05-28T08:58:38.836Z] [ERROR] [2026-05-28T08:58:38.825Z] GET /api/foodItems/ ➞ INTERNAL_SERVER_ERROR 500 (11ms)
[2026-05-28T08:58:50.456Z] [SUCCESS] [2026-05-28T08:58:50.454Z] OPTIONS /api/foodItems/ ➞ NO_CONTENT 204 (2ms)
[2026-05-28T08:58:50.456Z] [ERROR] [2026-05-28T08:58:50.456Z] OPTIONS /api/foodItems/ - undefined - Cannot set headers after they are sent to the client | User-Agent: Mozilla/5.0 (X11; Linux x86_64) AppleWebKit/537.36 (KHTML, like Gecko) elsass-catalogue-admin/1.0.9 Chrome/146.0.7680.216 Electron/41.5.1 Safari/537.36 | IP: ::1
[2026-05-28T08:58:50.458Z] [SUCCESS] [2026-05-28T08:58:50.457Z] OPTIONS /api/foodCategories/ ➞ NO_CONTENT 204 (1ms)
[2026-05-28T08:58:50.458Z] [ERROR] [2026-05-28T08:58:50.458Z] OPTIONS /api/foodCategories/ - undefined - Cannot set headers after they are sent to the client | User-Agent: Mozilla/5.0 (X11; Linux x86_64) AppleWebKit/537.36 (KHTML, like Gecko) elsass-catalogue-admin/1.0.9 Chrome/146.0.7680.216 Electron/41.5.1 Safari/537.36 | IP: ::1
[2026-05-28T08:58:50.464Z] [ERROR] [2026-05-28T08:58:50.464Z] GET /api/foodItems/ - undefined - Cannot read properties of undefined (reading 'findAll') | User-Agent: Mozilla/5.0 (X11; Linux x86_64) AppleWebKit/537.36 (KHTML, like Gecko) elsass-catalogue-admin/1.0.9 Chrome/146.0.7680.216 Electron/41.5.1 Safari/537.36 | IP: ::1
[2026-05-28T08:58:50.465Z] [ERROR] [2026-05-28T08:58:50.459Z] GET /api/foodItems/ ➞ INTERNAL_SERVER_ERROR 500 (6ms)
[2026-05-28T08:58:50.467Z] [ERROR] [2026-05-28T08:58:50.467Z] GET /api/foodCategories/ - undefined - Cannot read properties of undefined (reading 'findAll') | User-Agent: Mozilla/5.0 (X11; Linux x86_64) AppleWebKit/537.36 (KHTML, like Gecko) elsass-catalogue-admin/1.0.9 Chrome/146.0.7680.216 Electron/41.5.1 Safari/537.36 | IP: ::1
[2026-05-28T08:58:50.468Z] [ERROR] [2026-05-28T08:58:50.460Z] GET /api/foodCategories/ ➞ INTERNAL_SERVER_ERROR 500 (8ms)
[2026-05-28T08:58:51.410Z] [ERROR] [2026-05-28T08:58:51.410Z] GET /api/foodCategories/ - undefined - Cannot read properties of undefined (reading 'findAll') | User-Agent: Mozilla/5.0 (X11; Linux x86_64) AppleWebKit/537.36 (KHTML, like Gecko) elsass-catalogue-admin/1.0.9 Chrome/146.0.7680.216 Electron/41.5.1 Safari/537.36 | IP: ::1
[2026-05-28T08:58:51.411Z] [ERROR] [2026-05-28T08:58:51.401Z] GET /api/foodCategories/ ➞ INTERNAL_SERVER_ERROR 500 (10ms)
[2026-05-28T08:58:51.414Z] [ERROR] [2026-05-28T08:58:51.414Z] GET /api/foodItems/ - undefined - Cannot read properties of undefined (reading 'findAll') | User-Agent: Mozilla/5.0 (X11; Linux x86_64) AppleWebKit/537.36 (KHTML, like Gecko) elsass-catalogue-admin/1.0.9 Chrome/146.0.7680.216 Electron/41.5.1 Safari/537.36 | IP: ::1
[2026-05-28T08:58:51.415Z] [ERROR] [2026-05-28T08:58:51.404Z] GET /api/foodItems/ ➞ INTERNAL_SERVER_ERROR 500 (11ms)
[2026-05-28T08:58:52.440Z] [SUCCESS] [2026-05-28T08:58:52.439Z] OPTIONS /api/drinkCategories/ ➞ NO_CONTENT 204 (1ms)
[2026-05-28T08:58:52.441Z] [ERROR] [2026-05-28T08:58:52.441Z] OPTIONS /api/drinkCategories/ - undefined - Cannot set headers after they are sent to the client | User-Agent: Mozilla/5.0 (X11; Linux x86_64) AppleWebKit/537.36 (KHTML, like Gecko) elsass-catalogue-admin/1.0.9 Chrome/146.0.7680.216 Electron/41.5.1 Safari/537.36 | IP: ::1
[2026-05-28T08:58:52.443Z] [SUCCESS] [2026-05-28T08:58:52.441Z] OPTIONS /api/drinkItems/ ➞ NO_CONTENT 204 (2ms)
[2026-05-28T08:58:52.443Z] [ERROR] [2026-05-28T08:58:52.443Z] OPTIONS /api/drinkItems/ - undefined - Cannot set headers after they are sent to the client | User-Agent: Mozilla/5.0 (X11; Linux x86_64) AppleWebKit/537.36 (KHTML, like Gecko) elsass-catalogue-admin/1.0.9 Chrome/146.0.7680.216 Electron/41.5.1 Safari/537.36 | IP: ::1
[2026-05-28T08:58:52.450Z] [ERROR] [2026-05-28T08:58:52.449Z] GET /api/drinkCategories/ - undefined - Cannot read properties of undefined (reading 'findAll') | User-Agent: Mozilla/5.0 (X11; Linux x86_64) AppleWebKit/537.36 (KHTML, like Gecko) elsass-catalogue-admin/1.0.9 Chrome/146.0.7680.216 Electron/41.5.1 Safari/537.36 | IP: ::1
[2026-05-28T08:58:52.450Z] [ERROR] [2026-05-28T08:58:52.444Z] GET /api/drinkCategories/ ➞ INTERNAL_SERVER_ERROR 500 (6ms)
[2026-05-28T08:58:52.453Z] [ERROR] [2026-05-28T08:58:52.453Z] GET /api/drinkItems/ - undefined - Cannot read properties of undefined (reading 'findAll') | User-Agent: Mozilla/5.0 (X11; Linux x86_64) AppleWebKit/537.36 (KHTML, like Gecko) elsass-catalogue-admin/1.0.9 Chrome/146.0.7680.216 Electron/41.5.1 Safari/537.36 | IP: ::1
[2026-05-28T08:58:52.454Z] [ERROR] [2026-05-28T08:58:52.446Z] GET /api/drinkItems/ ➞ INTERNAL_SERVER_ERROR 500 (8ms)
[2026-05-28T08:58:53.807Z] [ERROR] [2026-05-28T08:58:53.807Z] GET /api/foodCategories/ - undefined - Cannot read properties of undefined (reading 'findAll') | User-Agent: Mozilla/5.0 (X11; Linux x86_64) AppleWebKit/537.36 (KHTML, like Gecko) elsass-catalogue-admin/1.0.9 Chrome/146.0.7680.216 Electron/41.5.1 Safari/537.36 | IP: ::1
[2026-05-28T08:58:53.808Z] [ERROR] [2026-05-28T08:58:53.802Z] GET /api/foodCategories/ ➞ INTERNAL_SERVER_ERROR 500 (6ms)
[2026-05-28T08:58:53.810Z] [ERROR] [2026-05-28T08:58:53.810Z] GET /api/foodItems/ - undefined - Cannot read properties of undefined (reading 'findAll') | User-Agent: Mozilla/5.0 (X11; Linux x86_64) AppleWebKit/537.36 (KHTML, like Gecko) elsass-catalogue-admin/1.0.9 Chrome/146.0.7680.216 Electron/41.5.1 Safari/537.36 | IP: ::1
[2026-05-28T08:58:53.811Z] [ERROR] [2026-05-28T08:58:53.804Z] GET /api/foodItems/ ➞ INTERNAL_SERVER_ERROR 500 (7ms)
[2026-05-28T08:59:42.717Z] [SUCCESS] [2026-05-28T08:59:42.716Z] OPTIONS /api/vehicleCategories/ ➞ NO_CONTENT 204 (1ms)
[2026-05-28T08:59:42.718Z] [ERROR] [2026-05-28T08:59:42.718Z] OPTIONS /api/vehicleCategories/ - undefined - Cannot set headers after they are sent to the client | User-Agent: Mozilla/5.0 (X11; Linux x86_64) AppleWebKit/537.36 (KHTML, like Gecko) elsass-catalogue-admin/1.0.9 Chrome/146.0.7680.216 Electron/41.5.1 Safari/537.36 | IP: ::1
[2026-05-28T08:59:42.722Z] [SUCCESS] [2026-05-28T08:59:42.718Z] OPTIONS /api/vehicles/ ➞ NO_CONTENT 204 (4ms)
[2026-05-28T08:59:42.722Z] [ERROR] [2026-05-28T08:59:42.722Z] OPTIONS /api/vehicles/ - undefined - Cannot set headers after they are sent to the client | User-Agent: Mozilla/5.0 (X11; Linux x86_64) AppleWebKit/537.36 (KHTML, like Gecko) elsass-catalogue-admin/1.0.9 Chrome/146.0.7680.216 Electron/41.5.1 Safari/537.36 | IP: ::1
[2026-05-28T08:59:42.733Z] [SUCCESS] [2026-05-28T08:59:42.723Z] GET /api/vehicleCategories/ ➞ OK 200 (10ms)
[2026-05-28T08:59:42.734Z] [SUCCESS] [2026-05-28T08:59:42.726Z] GET /api/vehicles/ ➞ OK 200 (8ms)
[2026-05-28T08:59:45.596Z] [SUCCESS] [2026-05-28T08:59:45.593Z] OPTIONS /api/foodCategories/ ➞ NO_CONTENT 204 (3ms)
[2026-05-28T08:59:45.596Z] [ERROR] [2026-05-28T08:59:45.596Z] OPTIONS /api/foodCategories/ - undefined - Cannot set headers after they are sent to the client | User-Agent: Mozilla/5.0 (X11; Linux x86_64) AppleWebKit/537.36 (KHTML, like Gecko) elsass-catalogue-admin/1.0.9 Chrome/146.0.7680.216 Electron/41.5.1 Safari/537.36 | IP: ::1
[2026-05-28T08:59:45.602Z] [SUCCESS] [2026-05-28T08:59:45.598Z] OPTIONS /api/foodItems/ ➞ NO_CONTENT 204 (4ms)
[2026-05-28T08:59:45.602Z] [ERROR] [2026-05-28T08:59:45.602Z] OPTIONS /api/foodItems/ - undefined - Cannot set headers after they are sent to the client | User-Agent: Mozilla/5.0 (X11; Linux x86_64) AppleWebKit/537.36 (KHTML, like Gecko) elsass-catalogue-admin/1.0.9 Chrome/146.0.7680.216 Electron/41.5.1 Safari/537.36 | IP: ::1
[2026-05-28T08:59:45.610Z] [ERROR] [2026-05-28T08:59:45.610Z] GET /api/foodCategories/ - undefined - Cannot read properties of undefined (reading 'findAll') | User-Agent: Mozilla/5.0 (X11; Linux x86_64) AppleWebKit/537.36 (KHTML, like Gecko) elsass-catalogue-admin/1.0.9 Chrome/146.0.7680.216 Electron/41.5.1 Safari/537.36 | IP: ::1
[2026-05-28T08:59:45.611Z] [ERROR] [2026-05-28T08:59:45.604Z] GET /api/foodCategories/ ➞ INTERNAL_SERVER_ERROR 500 (7ms)
[2026-05-28T08:59:45.613Z] [ERROR] [2026-05-28T08:59:45.613Z] GET /api/foodItems/ - undefined - Cannot read properties of undefined (reading 'findAll') | User-Agent: Mozilla/5.0 (X11; Linux x86_64) AppleWebKit/537.36 (KHTML, like Gecko) elsass-catalogue-admin/1.0.9 Chrome/146.0.7680.216 Electron/41.5.1 Safari/537.36 | IP: ::1
[2026-05-28T08:59:45.615Z] [ERROR] [2026-05-28T08:59:45.606Z] GET /api/foodItems/ ➞ INTERNAL_SERVER_ERROR 500 (9ms)
[2026-05-28T08:59:46.569Z] [SUCCESS] [2026-05-28T08:59:46.566Z] OPTIONS /api/drinkCategories/ ➞ NO_CONTENT 204 (3ms)
[2026-05-28T08:59:46.570Z] [ERROR] [2026-05-28T08:59:46.570Z] OPTIONS /api/drinkCategories/ - undefined - Cannot set headers after they are sent to the client | User-Agent: Mozilla/5.0 (X11; Linux x86_64) AppleWebKit/537.36 (KHTML, like Gecko) elsass-catalogue-admin/1.0.9 Chrome/146.0.7680.216 Electron/41.5.1 Safari/537.36 | IP: ::1
[2026-05-28T08:59:46.575Z] [SUCCESS] [2026-05-28T08:59:46.571Z] OPTIONS /api/drinkItems/ ➞ NO_CONTENT 204 (4ms)
[2026-05-28T08:59:46.575Z] [ERROR] [2026-05-28T08:59:46.575Z] OPTIONS /api/drinkItems/ - undefined - Cannot set headers after they are sent to the client | User-Agent: Mozilla/5.0 (X11; Linux x86_64) AppleWebKit/537.36 (KHTML, like Gecko) elsass-catalogue-admin/1.0.9 Chrome/146.0.7680.216 Electron/41.5.1 Safari/537.36 | IP: ::1
[2026-05-28T08:59:46.586Z] [ERROR] [2026-05-28T08:59:46.586Z] GET /api/drinkCategories/ - undefined - Cannot read properties of undefined (reading 'findAll') | User-Agent: Mozilla/5.0 (X11; Linux x86_64) AppleWebKit/537.36 (KHTML, like Gecko) elsass-catalogue-admin/1.0.9 Chrome/146.0.7680.216 Electron/41.5.1 Safari/537.36 | IP: ::1
[2026-05-28T08:59:46.588Z] [ERROR] [2026-05-28T08:59:46.576Z] GET /api/drinkCategories/ ➞ INTERNAL_SERVER_ERROR 500 (12ms)
[2026-05-28T08:59:46.591Z] [ERROR] [2026-05-28T08:59:46.591Z] GET /api/drinkItems/ - undefined - Cannot read properties of undefined (reading 'findAll') | User-Agent: Mozilla/5.0 (X11; Linux x86_64) AppleWebKit/537.36 (KHTML, like Gecko) elsass-catalogue-admin/1.0.9 Chrome/146.0.7680.216 Electron/41.5.1 Safari/537.36 | IP: ::1
[2026-05-28T08:59:46.593Z] [ERROR] [2026-05-28T08:59:46.579Z] GET /api/drinkItems/ ➞ INTERNAL_SERVER_ERROR 500 (13ms)
[2026-05-28T09:00:23.402Z] [SUCCESS] [2026-05-28T09:00:23.401Z] OPTIONS /api/foodCategories/ ➞ NO_CONTENT 204 (1ms)
[2026-05-28T09:00:23.402Z] [ERROR] [2026-05-28T09:00:23.402Z] OPTIONS /api/foodCategories/ - undefined - Cannot set headers after they are sent to the client | User-Agent: Mozilla/5.0 (X11; Linux x86_64) AppleWebKit/537.36 (KHTML, like Gecko) elsass-catalogue-admin/1.0.9 Chrome/146.0.7680.216 Electron/41.5.1 Safari/537.36 | IP: ::1
[2026-05-28T09:00:23.403Z] [SUCCESS] [2026-05-28T09:00:23.402Z] OPTIONS /api/foodItems/ ➞ NO_CONTENT 204 (1ms)
[2026-05-28T09:00:23.403Z] [ERROR] [2026-05-28T09:00:23.403Z] OPTIONS /api/foodItems/ - undefined - Cannot set headers after they are sent to the client | User-Agent: Mozilla/5.0 (X11; Linux x86_64) AppleWebKit/537.36 (KHTML, like Gecko) elsass-catalogue-admin/1.0.9 Chrome/146.0.7680.216 Electron/41.5.1 Safari/537.36 | IP: ::1
[2026-05-28T09:00:23.412Z] [ERROR] [2026-05-28T09:00:23.412Z] GET /api/foodCategories/ - undefined - Cannot read properties of undefined (reading 'findAll') | User-Agent: Mozilla/5.0 (X11; Linux x86_64) AppleWebKit/537.36 (KHTML, like Gecko) elsass-catalogue-admin/1.0.9 Chrome/146.0.7680.216 Electron/41.5.1 Safari/537.36 | IP: ::1
[2026-05-28T09:00:23.413Z] [ERROR] [2026-05-28T09:00:23.407Z] GET /api/foodCategories/ ➞ INTERNAL_SERVER_ERROR 500 (6ms)
[2026-05-28T09:00:23.415Z] [ERROR] [2026-05-28T09:00:23.415Z] GET /api/foodItems/ - undefined - Cannot read properties of undefined (reading 'findAll') | User-Agent: Mozilla/5.0 (X11; Linux x86_64) AppleWebKit/537.36 (KHTML, like Gecko) elsass-catalogue-admin/1.0.9 Chrome/146.0.7680.216 Electron/41.5.1 Safari/537.36 | IP: ::1
[2026-05-28T09:00:23.416Z] [ERROR] [2026-05-28T09:00:23.409Z] GET /api/foodItems/ ➞ INTERNAL_SERVER_ERROR 500 (7ms)
[2026-05-28T09:00:24.023Z] [ERROR] [2026-05-28T09:00:24.023Z] GET /api/foodItems/ - undefined - Cannot read properties of undefined (reading 'findAll') | User-Agent: Mozilla/5.0 (X11; Linux x86_64) AppleWebKit/537.36 (KHTML, like Gecko) elsass-catalogue-admin/1.0.9 Chrome/146.0.7680.216 Electron/41.5.1 Safari/537.36 | IP: ::1
[2026-05-28T09:00:24.024Z] [ERROR] [2026-05-28T09:00:24.020Z] GET /api/foodItems/ ➞ INTERNAL_SERVER_ERROR 500 (4ms)
[2026-05-28T09:00:24.025Z] [ERROR] [2026-05-28T09:00:24.025Z] GET /api/foodCategories/ - undefined - Cannot read properties of undefined (reading 'findAll') | User-Agent: Mozilla/5.0 (X11; Linux x86_64) AppleWebKit/537.36 (KHTML, like Gecko) elsass-catalogue-admin/1.0.9 Chrome/146.0.7680.216 Electron/41.5.1 Safari/537.36 | IP: ::1
[2026-05-28T09:00:24.025Z] [ERROR] [2026-05-28T09:00:24.021Z] GET /api/foodCategories/ ➞ INTERNAL_SERVER_ERROR 500 (4ms)
[2026-05-28T09:00:38.871Z] [SUCCESS] [2026-05-28T09:00:38.866Z] OPTIONS /api/foodCategories/ ➞ NO_CONTENT 204 (4ms)
[2026-05-28T09:00:38.872Z] [ERROR] [2026-05-28T09:00:38.872Z] OPTIONS /api/foodCategories/ - undefined - Cannot set headers after they are sent to the client | User-Agent: Mozilla/5.0 (X11; Linux x86_64) AppleWebKit/537.36 (KHTML, like Gecko) elsass-catalogue-admin/1.0.9 Chrome/146.0.7680.216 Electron/41.5.1 Safari/537.36 | IP: ::1
[2026-05-28T09:00:38.880Z] [SUCCESS] [2026-05-28T09:00:38.874Z] OPTIONS /api/foodItems/ ➞ NO_CONTENT 204 (6ms)
[2026-05-28T09:00:38.880Z] [ERROR] [2026-05-28T09:00:38.880Z] OPTIONS /api/foodItems/ - undefined - Cannot set headers after they are sent to the client | User-Agent: Mozilla/5.0 (X11; Linux x86_64) AppleWebKit/537.36 (KHTML, like Gecko) elsass-catalogue-admin/1.0.9 Chrome/146.0.7680.216 Electron/41.5.1 Safari/537.36 | IP: ::1
[2026-05-28T09:00:38.893Z] [ERROR] [2026-05-28T09:00:38.893Z] GET /api/foodCategories/ - undefined - Cannot read properties of undefined (reading 'findAll') | User-Agent: Mozilla/5.0 (X11; Linux x86_64) AppleWebKit/537.36 (KHTML, like Gecko) elsass-catalogue-admin/1.0.9 Chrome/146.0.7680.216 Electron/41.5.1 Safari/537.36 | IP: ::1
[2026-05-28T09:00:38.895Z] [ERROR] [2026-05-28T09:00:38.882Z] GET /api/foodCategories/ ➞ INTERNAL_SERVER_ERROR 500 (13ms)
[2026-05-28T09:00:38.901Z] [ERROR] [2026-05-28T09:00:38.901Z] GET /api/foodItems/ - undefined - Cannot read properties of undefined (reading 'findAll') | User-Agent: Mozilla/5.0 (X11; Linux x86_64) AppleWebKit/537.36 (KHTML, like Gecko) elsass-catalogue-admin/1.0.9 Chrome/146.0.7680.216 Electron/41.5.1 Safari/537.36 | IP: ::1
[2026-05-28T09:00:38.902Z] [ERROR] [2026-05-28T09:00:38.887Z] GET /api/foodItems/ ➞ INTERNAL_SERVER_ERROR 500 (15ms)
[2026-05-28T09:00:45.497Z] [SUCCESS] [2026-05-28T09:00:45.494Z] OPTIONS /api/foodCategories/ ➞ NO_CONTENT 204 (3ms)
[2026-05-28T09:00:45.498Z] [ERROR] [2026-05-28T09:00:45.498Z] OPTIONS /api/foodCategories/ - undefined - Cannot set headers after they are sent to the client | User-Agent: Mozilla/5.0 (X11; Linux x86_64) AppleWebKit/537.36 (KHTML, like Gecko) elsass-catalogue-admin/1.0.9 Chrome/146.0.7680.216 Electron/41.5.1 Safari/537.36 | IP: ::1
[2026-05-28T09:00:45.513Z] [ERROR] [2026-05-28T09:00:45.513Z] POST /api/foodCategories/ - undefined - Cannot read properties of undefined (reading 'save') | User-Agent: Mozilla/5.0 (X11; Linux x86_64) AppleWebKit/537.36 (KHTML, like Gecko) elsass-catalogue-admin/1.0.9 Chrome/146.0.7680.216 Electron/41.5.1 Safari/537.36 | IP: ::1
[2026-05-28T09:00:45.514Z] [ERROR] [2026-05-28T09:00:45.503Z] POST /api/foodCategories/ ➞ INTERNAL_SERVER_ERROR 500 (11ms)
[2026-05-28T09:00:45.530Z] [ERROR] [2026-05-28T09:00:45.530Z] GET /api/foodCategories/ - undefined - Cannot read properties of undefined (reading 'findAll') | User-Agent: Mozilla/5.0 (X11; Linux x86_64) AppleWebKit/537.36 (KHTML, like Gecko) elsass-catalogue-admin/1.0.9 Chrome/146.0.7680.216 Electron/41.5.1 Safari/537.36 | IP: ::1
[2026-05-28T09:00:45.532Z] [ERROR] [2026-05-28T09:00:45.522Z] GET /api/foodCategories/ ➞ INTERNAL_SERVER_ERROR 500 (10ms)
[2026-05-28T09:00:49.004Z] [SUCCESS] [2026-05-28T09:00:49.003Z] OPTIONS /api/auth/user ➞ NO_CONTENT 204 (1ms)
[2026-05-28T09:00:49.004Z] [ERROR] [2026-05-28T09:00:49.004Z] OPTIONS /api/auth/user - undefined - Cannot set headers after they are sent to the client | User-Agent: Mozilla/5.0 (X11; Linux x86_64) AppleWebKit/537.36 (KHTML, like Gecko) elsass-catalogue-admin/1.0.9 Chrome/146.0.7680.216 Electron/41.5.1 Safari/537.36 | IP: ::1
[2026-05-28T09:00:49.008Z] [SUCCESS] [2026-05-28T09:00:49.006Z] GET /api/auth/user ➞ OK 200 (2ms)
[2026-05-28T09:00:49.031Z] [SUCCESS] [2026-05-28T09:00:49.029Z] OPTIONS /api/foodItems/ ➞ NO_CONTENT 204 (2ms)
[2026-05-28T09:00:49.031Z] [ERROR] [2026-05-28T09:00:49.031Z] OPTIONS /api/foodItems/ - undefined - Cannot set headers after they are sent to the client | User-Agent: Mozilla/5.0 (X11; Linux x86_64) AppleWebKit/537.36 (KHTML, like Gecko) elsass-catalogue-admin/1.0.9 Chrome/146.0.7680.216 Electron/41.5.1 Safari/537.36 | IP: ::1
[2026-05-28T09:00:49.035Z] [ERROR] [2026-05-28T09:00:49.035Z] GET /api/foodCategories/ - undefined - Cannot read properties of undefined (reading 'findAll') | User-Agent: Mozilla/5.0 (X11; Linux x86_64) AppleWebKit/537.36 (KHTML, like Gecko) elsass-catalogue-admin/1.0.9 Chrome/146.0.7680.216 Electron/41.5.1 Safari/537.36 | IP: ::1
[2026-05-28T09:00:49.036Z] [ERROR] [2026-05-28T09:00:49.027Z] GET /api/foodCategories/ ➞ INTERNAL_SERVER_ERROR 500 (9ms)
[2026-05-28T09:00:49.041Z] [ERROR] [2026-05-28T09:00:49.041Z] GET /api/foodItems/ - undefined - Cannot read properties of undefined (reading 'findAll') | User-Agent: Mozilla/5.0 (X11; Linux x86_64) AppleWebKit/537.36 (KHTML, like Gecko) elsass-catalogue-admin/1.0.9 Chrome/146.0.7680.216 Electron/41.5.1 Safari/537.36 | IP: ::1
[2026-05-28T09:00:49.042Z] [ERROR] [2026-05-28T09:00:49.037Z] GET /api/foodItems/ ➞ INTERNAL_SERVER_ERROR 500 (5ms)
[2026-05-28T09:01:48.666Z] [SUCCESS] [2026-05-28T09:01:48.660Z] OPTIONS /api/foodCategories/ ➞ NO_CONTENT 204 (6ms)
[2026-05-28T09:01:48.667Z] [ERROR] [2026-05-28T09:01:48.667Z] OPTIONS /api/foodCategories/ - undefined - Cannot set headers after they are sent to the client | User-Agent: Mozilla/5.0 (X11; Linux x86_64) AppleWebKit/537.36 (KHTML, like Gecko) elsass-catalogue-admin/1.0.9 Chrome/146.0.7680.216 Electron/41.5.1 Safari/537.36 | IP: ::1
[2026-05-28T09:01:48.684Z] [ERROR] [2026-05-28T09:01:48.684Z] POST /api/foodCategories/ - undefined - Cannot read properties of undefined (reading 'save') | User-Agent: Mozilla/5.0 (X11; Linux x86_64) AppleWebKit/537.36 (KHTML, like Gecko) elsass-catalogue-admin/1.0.9 Chrome/146.0.7680.216 Electron/41.5.1 Safari/537.36 | IP: ::1
[2026-05-28T09:01:48.685Z] [ERROR] [2026-05-28T09:01:48.671Z] POST /api/foodCategories/ ➞ INTERNAL_SERVER_ERROR 500 (13ms)
[2026-05-28T09:01:48.710Z] [ERROR] [2026-05-28T09:01:48.710Z] GET /api/foodCategories/ - undefined - Cannot read properties of undefined (reading 'findAll') | User-Agent: Mozilla/5.0 (X11; Linux x86_64) AppleWebKit/537.36 (KHTML, like Gecko) elsass-catalogue-admin/1.0.9 Chrome/146.0.7680.216 Electron/41.5.1 Safari/537.36 | IP: ::1
[2026-05-28T09:01:48.712Z] [ERROR] [2026-05-28T09:01:48.695Z] GET /api/foodCategories/ ➞ INTERNAL_SERVER_ERROR 500 (17ms)
[2026-05-28T09:06:18.580Z] [SUCCESS] [2026-05-28T09:06:18.568Z] OPTIONS /api/foodCategories/ ➞ NO_CONTENT 204 (12ms)
[2026-05-28T09:06:18.582Z] [ERROR] [2026-05-28T09:06:18.582Z] OPTIONS /api/foodCategories/ - undefined - Cannot set headers after they are sent to the client | User-Agent: Mozilla/5.0 (X11; Linux x86_64) AppleWebKit/537.36 (KHTML, like Gecko) elsass-catalogue-admin/1.0.9 Chrome/146.0.7680.216 Electron/41.5.1 Safari/537.36 | IP: ::1
[2026-05-28T09:06:18.628Z] [SUCCESS] [2026-05-28T09:06:18.584Z] POST /api/foodCategories/ ➞ CREATED 201 (44ms)
[2026-05-28T09:06:18.647Z] [SUCCESS] [2026-05-28T09:06:18.635Z] GET /api/foodCategories/ ➞ OK 200 (12ms)
[2026-05-28T09:08:18.628Z] [SUCCESS] [2026-05-28T09:08:18.625Z] OPTIONS /api/foodItems/ ➞ NO_CONTENT 204 (3ms)
[2026-05-28T09:08:18.629Z] [ERROR] [2026-05-28T09:08:18.629Z] OPTIONS /api/foodItems/ - undefined - Cannot set headers after they are sent to the client | User-Agent: Mozilla/5.0 (X11; Linux x86_64) AppleWebKit/537.36 (KHTML, like Gecko) elsass-catalogue-admin/1.0.9 Chrome/146.0.7680.216 Electron/41.5.1 Safari/537.36 | IP: ::1
[2026-05-28T09:08:18.639Z] [SUCCESS] [2026-05-28T09:08:18.631Z] GET /api/foodItems/ ➞ OK 200 (8ms)
[2026-05-28T09:08:19.660Z] [SUCCESS] [2026-05-28T09:08:19.658Z] OPTIONS /api/drinkCategories/ ➞ NO_CONTENT 204 (2ms)
[2026-05-28T09:08:19.661Z] [ERROR] [2026-05-28T09:08:19.661Z] OPTIONS /api/drinkCategories/ - undefined - Cannot set headers after they are sent to the client | User-Agent: Mozilla/5.0 (X11; Linux x86_64) AppleWebKit/537.36 (KHTML, like Gecko) elsass-catalogue-admin/1.0.9 Chrome/146.0.7680.216 Electron/41.5.1 Safari/537.36 | IP: ::1
[2026-05-28T09:08:19.664Z] [SUCCESS] [2026-05-28T09:08:19.662Z] OPTIONS /api/drinkItems/ ➞ NO_CONTENT 204 (2ms)
[2026-05-28T09:08:19.664Z] [ERROR] [2026-05-28T09:08:19.664Z] OPTIONS /api/drinkItems/ - undefined - Cannot set headers after they are sent to the client | User-Agent: Mozilla/5.0 (X11; Linux x86_64) AppleWebKit/537.36 (KHTML, like Gecko) elsass-catalogue-admin/1.0.9 Chrome/146.0.7680.216 Electron/41.5.1 Safari/537.36 | IP: ::1
[2026-05-28T09:08:19.676Z] [SUCCESS] [2026-05-28T09:08:19.664Z] GET /api/drinkCategories/ ➞ OK 200 (12ms)
[2026-05-28T09:08:19.683Z] [SUCCESS] [2026-05-28T09:08:19.666Z] GET /api/drinkItems/ ➞ OK 200 (17ms)
[2026-05-28T09:08:27.158Z] [SUCCESS] [2026-05-28T09:08:27.151Z] OPTIONS /api/drinkCategories/ ➞ NO_CONTENT 204 (7ms)
[2026-05-28T09:08:27.159Z] [ERROR] [2026-05-28T09:08:27.159Z] OPTIONS /api/drinkCategories/ - undefined - Cannot set headers after they are sent to the client | User-Agent: Mozilla/5.0 (X11; Linux x86_64) AppleWebKit/537.36 (KHTML, like Gecko) elsass-catalogue-admin/1.0.9 Chrome/146.0.7680.216 Electron/41.5.1 Safari/537.36 | IP: ::1
[2026-05-28T09:08:27.192Z] [SUCCESS] [2026-05-28T09:08:27.163Z] POST /api/drinkCategories/ ➞ CREATED 201 (29ms)
[2026-05-28T09:08:27.222Z] [SUCCESS] [2026-05-28T09:08:27.203Z] GET /api/drinkCategories/ ➞ OK 200 (18ms)
[2026-05-28T09:08:31.004Z] [SUCCESS] [2026-05-28T09:08:30.998Z] OPTIONS /api/drinkCategories/1 ➞ NO_CONTENT 204 (5ms)
[2026-05-28T09:08:31.005Z] [ERROR] [2026-05-28T09:08:31.005Z] OPTIONS /api/drinkCategories/1 - undefined - Cannot set headers after they are sent to the client | User-Agent: Mozilla/5.0 (X11; Linux x86_64) AppleWebKit/537.36 (KHTML, like Gecko) elsass-catalogue-admin/1.0.9 Chrome/146.0.7680.216 Electron/41.5.1 Safari/537.36 | IP: ::1
[2026-05-28T09:08:31.038Z] [SUCCESS] [2026-05-28T09:08:31.009Z] DELETE /api/drinkCategories/1 ➞ OK 200 (29ms)
[2026-05-28T09:08:31.062Z] [SUCCESS] [2026-05-28T09:08:31.048Z] GET /api/drinkCategories/ ➞ OK 200 (14ms)
[2026-05-28T09:08:34.296Z] [SUCCESS] [2026-05-28T09:08:34.291Z] OPTIONS /api/foodCategories/1 ➞ NO_CONTENT 204 (5ms)
[2026-05-28T09:08:34.297Z] [ERROR] [2026-05-28T09:08:34.297Z] OPTIONS /api/foodCategories/1 - undefined - Cannot set headers after they are sent to the client | User-Agent: Mozilla/5.0 (X11; Linux x86_64) AppleWebKit/537.36 (KHTML, like Gecko) elsass-catalogue-admin/1.0.9 Chrome/146.0.7680.216 Electron/41.5.1 Safari/537.36 | IP: ::1
[2026-05-28T09:08:34.326Z] [SUCCESS] [2026-05-28T09:08:34.302Z] DELETE /api/foodCategories/1 ➞ OK 200 (24ms)
[2026-05-28T09:08:34.340Z] [SUCCESS] [2026-05-28T09:08:34.336Z] OPTIONS /api/foodCategories/ ➞ NO_CONTENT 204 (4ms)
[2026-05-28T09:08:34.341Z] [ERROR] [2026-05-28T09:08:34.341Z] OPTIONS /api/foodCategories/ - undefined - Cannot set headers after they are sent to the client | User-Agent: Mozilla/5.0 (X11; Linux x86_64) AppleWebKit/537.36 (KHTML, like Gecko) elsass-catalogue-admin/1.0.9 Chrome/146.0.7680.216 Electron/41.5.1 Safari/537.36 | IP: ::1
[2026-05-28T09:08:34.354Z] [SUCCESS] [2026-05-28T09:08:34.344Z] GET /api/foodCategories/ ➞ OK 200 (10ms)
[2026-05-28T09:09:15.482Z] [SUCCESS] [2026-05-28T09:09:15.477Z] OPTIONS /api/foodCategories/ ➞ NO_CONTENT 204 (5ms)
[2026-05-28T09:09:15.484Z] [ERROR] [2026-05-28T09:09:15.483Z] OPTIONS /api/foodCategories/ - undefined - Cannot set headers after they are sent to the client | User-Agent: Mozilla/5.0 (X11; Linux x86_64) AppleWebKit/537.36 (KHTML, like Gecko) elsass-catalogue-admin/1.0.9 Chrome/146.0.7680.216 Electron/41.5.1 Safari/537.36 | IP: ::1
[2026-05-28T09:09:15.509Z] [SUCCESS] [2026-05-28T09:09:15.489Z] POST /api/foodCategories/ ➞ CREATED 201 (20ms)
[2026-05-28T09:09:15.535Z] [SUCCESS] [2026-05-28T09:09:15.519Z] GET /api/foodCategories/ ➞ OK 200 (16ms)
[2026-05-28T09:09:49.442Z] [SUCCESS] [2026-05-28T09:09:49.436Z] OPTIONS /api/upload/ ➞ NO_CONTENT 204 (6ms)
[2026-05-28T09:09:49.443Z] [ERROR] [2026-05-28T09:09:49.443Z] OPTIONS /api/upload/ - undefined - Cannot set headers after they are sent to the client | User-Agent: Mozilla/5.0 (X11; Linux x86_64) AppleWebKit/537.36 (KHTML, like Gecko) elsass-catalogue-admin/1.0.9 Chrome/146.0.7680.216 Electron/41.5.1 Safari/537.36 | IP: ::1
[2026-05-28T09:09:49.465Z] [SUCCESS] [2026-05-28T09:09:49.447Z] POST /api/upload/ ➞ CREATED 201 (18ms)
[2026-05-28T09:09:49.471Z] [SUCCESS] [2026-05-28T09:09:49.470Z] OPTIONS /api/foodItems/ ➞ NO_CONTENT 204 (1ms)
[2026-05-28T09:09:49.471Z] [ERROR] [2026-05-28T09:09:49.471Z] OPTIONS /api/foodItems/ - undefined - Cannot set headers after they are sent to the client | User-Agent: Mozilla/5.0 (X11; Linux x86_64) AppleWebKit/537.36 (KHTML, like Gecko) elsass-catalogue-admin/1.0.9 Chrome/146.0.7680.216 Electron/41.5.1 Safari/537.36 | IP: ::1
[2026-05-28T09:09:49.485Z] [SUCCESS] [2026-05-28T09:09:49.473Z] POST /api/foodItems/ ➞ CREATED 201 (12ms)
[2026-05-28T09:09:49.496Z] [SUCCESS] [2026-05-28T09:09:49.489Z] GET /api/foodItems/ ➞ OK 200 (6ms)
[2026-05-28T09:09:49.534Z] [SUCCESS] [2026-05-28T09:09:49.523Z] GET /api/uploads/09ffbbc9f7585058b95fbfad3b536ba3.jpg ➞ OK 200 (11ms)
[2026-05-28T09:09:51.636Z] [SUCCESS] [2026-05-28T09:09:51.631Z] OPTIONS /api/foodItems/1/toggle ➞ NO_CONTENT 204 (5ms)
[2026-05-28T09:09:51.637Z] [ERROR] [2026-05-28T09:09:51.637Z] OPTIONS /api/foodItems/1/toggle - undefined - Cannot set headers after they are sent to the client | User-Agent: Mozilla/5.0 (X11; Linux x86_64) AppleWebKit/537.36 (KHTML, like Gecko) elsass-catalogue-admin/1.0.9 Chrome/146.0.7680.216 Electron/41.5.1 Safari/537.36 | IP: ::1
[2026-05-28T09:09:51.654Z] [WARN] [2026-05-28T09:09:51.642Z] PUT /api/foodItems/1/toggle ➞ NOT_FOUND 404 (12ms)
[2026-05-28T09:09:51.676Z] [SUCCESS] [2026-05-28T09:09:51.662Z] GET /api/foodItems/ ➞ OK 200 (14ms)
[2026-05-28T09:09:52.148Z] [WARN] [2026-05-28T09:09:52.134Z] PUT /api/foodItems/1/toggle ➞ NOT_FOUND 404 (14ms)
[2026-05-28T09:09:52.174Z] [SUCCESS] [2026-05-28T09:09:52.157Z] GET /api/foodItems/ ➞ OK 200 (17ms)
[2026-05-28T09:10:00.277Z] [SUCCESS] [2026-05-28T09:10:00.274Z] OPTIONS /api/drinkCategories/ ➞ NO_CONTENT 204 (3ms)
[2026-05-28T09:10:00.278Z] [ERROR] [2026-05-28T09:10:00.278Z] OPTIONS /api/drinkCategories/ - undefined - Cannot set headers after they are sent to the client | User-Agent: Mozilla/5.0 (X11; Linux x86_64) AppleWebKit/537.36 (KHTML, like Gecko) elsass-catalogue-admin/1.0.9 Chrome/146.0.7680.216 Electron/41.5.1 Safari/537.36 | IP: ::1
[2026-05-28T09:10:00.284Z] [SUCCESS] [2026-05-28T09:10:00.280Z] OPTIONS /api/drinkItems/ ➞ NO_CONTENT 204 (4ms)
[2026-05-28T09:10:00.284Z] [ERROR] [2026-05-28T09:10:00.284Z] OPTIONS /api/drinkItems/ - undefined - Cannot set headers after they are sent to the client | User-Agent: Mozilla/5.0 (X11; Linux x86_64) AppleWebKit/537.36 (KHTML, like Gecko) elsass-catalogue-admin/1.0.9 Chrome/146.0.7680.216 Electron/41.5.1 Safari/537.36 | IP: ::1
[2026-05-28T09:10:00.301Z] [SUCCESS] [2026-05-28T09:10:00.286Z] GET /api/drinkCategories/ ➞ OK 200 (15ms)
[2026-05-28T09:10:00.303Z] [SUCCESS] [2026-05-28T09:10:00.289Z] GET /api/drinkItems/ ➞ OK 200 (14ms)
[2026-05-28T09:10:06.257Z] [SUCCESS] [2026-05-28T09:10:06.251Z] OPTIONS /api/drinkCategories/ ➞ NO_CONTENT 204 (6ms)
[2026-05-28T09:10:06.258Z] [ERROR] [2026-05-28T09:10:06.258Z] OPTIONS /api/drinkCategories/ - undefined - Cannot set headers after they are sent to the client | User-Agent: Mozilla/5.0 (X11; Linux x86_64) AppleWebKit/537.36 (KHTML, like Gecko) elsass-catalogue-admin/1.0.9 Chrome/146.0.7680.216 Electron/41.5.1 Safari/537.36 | IP: ::1
[2026-05-28T09:10:06.287Z] [SUCCESS] [2026-05-28T09:10:06.263Z] POST /api/drinkCategories/ ➞ CREATED 201 (24ms)
[2026-05-28T09:10:06.303Z] [SUCCESS] [2026-05-28T09:10:06.294Z] GET /api/drinkCategories/ ➞ OK 200 (9ms)
[2026-05-28T09:11:02.154Z] [SUCCESS] [2026-05-28T09:11:02.148Z] OPTIONS /api/upload/ ➞ NO_CONTENT 204 (6ms)
[2026-05-28T09:11:02.155Z] [ERROR] [2026-05-28T09:11:02.155Z] OPTIONS /api/upload/ - undefined - Cannot set headers after they are sent to the client | User-Agent: Mozilla/5.0 (X11; Linux x86_64) AppleWebKit/537.36 (KHTML, like Gecko) elsass-catalogue-admin/1.0.9 Chrome/146.0.7680.216 Electron/41.5.1 Safari/537.36 | IP: ::1
[2026-05-28T09:11:02.171Z] [SUCCESS] [2026-05-28T09:11:02.160Z] POST /api/upload/ ➞ CREATED 201 (11ms)
[2026-05-28T09:11:02.185Z] [SUCCESS] [2026-05-28T09:11:02.179Z] OPTIONS /api/drinkItems/ ➞ NO_CONTENT 204 (6ms)
[2026-05-28T09:11:02.186Z] [ERROR] [2026-05-28T09:11:02.186Z] OPTIONS /api/drinkItems/ - undefined - Cannot set headers after they are sent to the client | User-Agent: Mozilla/5.0 (X11; Linux x86_64) AppleWebKit/537.36 (KHTML, like Gecko) elsass-catalogue-admin/1.0.9 Chrome/146.0.7680.216 Electron/41.5.1 Safari/537.36 | IP: ::1
[2026-05-28T09:11:02.211Z] [SUCCESS] [2026-05-28T09:11:02.189Z] POST /api/drinkItems/ ➞ CREATED 201 (22ms)
[2026-05-28T09:11:02.227Z] [SUCCESS] [2026-05-28T09:11:02.220Z] GET /api/drinkItems/ ➞ OK 200 (7ms)
[2026-05-28T09:11:02.242Z] [SUCCESS] [2026-05-28T09:11:02.236Z] GET /api/uploads/5844576475e97feed6361f47d3eff045.jpg ➞ OK 200 (6ms)
[2026-05-28T09:11:50.854Z] [SUCCESS] [2026-05-28T09:11:50.851Z] OPTIONS /api/foodItems/ ➞ NO_CONTENT 204 (3ms)
[2026-05-28T09:11:50.857Z] [SUCCESS] [2026-05-28T09:11:50.855Z] OPTIONS /api/foodCategories/ ➞ NO_CONTENT 204 (2ms)
[2026-05-28T09:11:50.857Z] [ERROR] [2026-05-28T09:11:50.857Z] OPTIONS /api/foodItems/ - undefined - Cannot set headers after they are sent to the client | User-Agent: Mozilla/5.0 (X11; Linux x86_64) AppleWebKit/537.36 (KHTML, like Gecko) elsass-catalogue-admin/1.0.9 Chrome/146.0.7680.216 Electron/41.5.1 Safari/537.36 | IP: ::1
[2026-05-28T09:11:50.858Z] [ERROR] [2026-05-28T09:11:50.858Z] OPTIONS /api/foodCategories/ - undefined - Cannot set headers after they are sent to the client | User-Agent: Mozilla/5.0 (X11; Linux x86_64) AppleWebKit/537.36 (KHTML, like Gecko) elsass-catalogue-admin/1.0.9 Chrome/146.0.7680.216 Electron/41.5.1 Safari/537.36 | IP: ::1
[2026-05-28T09:11:50.868Z] [SUCCESS] [2026-05-28T09:11:50.859Z] GET /api/foodItems/ ➞ OK 200 (9ms)
[2026-05-28T09:11:50.869Z] [SUCCESS] [2026-05-28T09:11:50.861Z] GET /api/foodCategories/ ➞ OK 200 (8ms)
[2026-05-28T09:11:50.878Z] [SUCCESS] [2026-05-28T09:11:50.874Z] GET /api/uploads/09ffbbc9f7585058b95fbfad3b536ba3.jpg ➞ OK 200 (4ms)
[2026-05-28T09:11:59.674Z] [SUCCESS] [2026-05-28T09:11:59.672Z] OPTIONS /api/arcadeItems/ ➞ NO_CONTENT 204 (2ms)
[2026-05-28T09:11:59.674Z] [ERROR] [2026-05-28T09:11:59.674Z] OPTIONS /api/arcadeItems/ - undefined - Cannot set headers after they are sent to the client | User-Agent: Mozilla/5.0 (X11; Linux x86_64) AppleWebKit/537.36 (KHTML, like Gecko) elsass-catalogue-admin/1.0.9 Chrome/146.0.7680.216 Electron/41.5.1 Safari/537.36 | IP: ::1
[2026-05-28T09:11:59.680Z] [SUCCESS] [2026-05-28T09:11:59.675Z] GET /api/arcadeItems/ ➞ OK 200 (5ms)
[2026-05-28T09:13:36.149Z] [SUCCESS] [2026-05-28T09:13:36.144Z] OPTIONS /api/upload/ ➞ NO_CONTENT 204 (5ms)
[2026-05-28T09:13:36.149Z] [ERROR] [2026-05-28T09:13:36.149Z] OPTIONS /api/upload/ - undefined - Cannot set headers after they are sent to the client | User-Agent: Mozilla/5.0 (X11; Linux x86_64) AppleWebKit/537.36 (KHTML, like Gecko) elsass-catalogue-admin/1.0.9 Chrome/146.0.7680.216 Electron/41.5.1 Safari/537.36 | IP: ::1
[2026-05-28T09:13:36.165Z] [SUCCESS] [2026-05-28T09:13:36.155Z] POST /api/upload/ ➞ CREATED 201 (10ms)
[2026-05-28T09:13:36.172Z] [SUCCESS] [2026-05-28T09:13:36.171Z] OPTIONS /api/arcadeItems/ ➞ NO_CONTENT 204 (1ms)
[2026-05-28T09:13:36.173Z] [ERROR] [2026-05-28T09:13:36.173Z] OPTIONS /api/arcadeItems/ - undefined - Cannot set headers after they are sent to the client | User-Agent: Mozilla/5.0 (X11; Linux x86_64) AppleWebKit/537.36 (KHTML, like Gecko) elsass-catalogue-admin/1.0.9 Chrome/146.0.7680.216 Electron/41.5.1 Safari/537.36 | IP: ::1
[2026-05-28T09:13:36.192Z] [SUCCESS] [2026-05-28T09:13:36.174Z] POST /api/arcadeItems/ ➞ CREATED 201 (18ms)
[2026-05-28T09:13:36.209Z] [SUCCESS] [2026-05-28T09:13:36.200Z] GET /api/arcadeItems/ ➞ OK 200 (9ms)
[2026-05-28T09:13:36.225Z] [SUCCESS] [2026-05-28T09:13:36.220Z] GET /api/uploads/10364b9c4aba00fc6f5ed5e3160d0c83.jpg ➞ OK 200 (5ms)
[2026-05-28T09:13:38.572Z] [SUCCESS] [2026-05-28T09:13:38.569Z] OPTIONS /api/foodCategories/ ➞ NO_CONTENT 204 (3ms)
[2026-05-28T09:13:38.573Z] [ERROR] [2026-05-28T09:13:38.573Z] OPTIONS /api/foodCategories/ - undefined - Cannot set headers after they are sent to the client | User-Agent: Mozilla/5.0 (X11; Linux x86_64) AppleWebKit/537.36 (KHTML, like Gecko) elsass-catalogue-admin/1.0.9 Chrome/146.0.7680.216 Electron/41.5.1 Safari/537.36 | IP: ::1
[2026-05-28T09:13:38.580Z] [SUCCESS] [2026-05-28T09:13:38.575Z] OPTIONS /api/foodItems/ ➞ NO_CONTENT 204 (5ms)
[2026-05-28T09:13:38.581Z] [ERROR] [2026-05-28T09:13:38.581Z] OPTIONS /api/foodItems/ - undefined - Cannot set headers after they are sent to the client | User-Agent: Mozilla/5.0 (X11; Linux x86_64) AppleWebKit/537.36 (KHTML, like Gecko) elsass-catalogue-admin/1.0.9 Chrome/146.0.7680.216 Electron/41.5.1 Safari/537.36 | IP: ::1
[2026-05-28T09:13:38.594Z] [SUCCESS] [2026-05-28T09:13:38.583Z] GET /api/foodCategories/ ➞ OK 200 (11ms)
[2026-05-28T09:13:38.594Z] [SUCCESS] [2026-05-28T09:13:38.587Z] GET /api/foodItems/ ➞ OK 200 (7ms)
[2026-05-28T09:13:38.976Z] [SUCCESS] [2026-05-28T09:13:38.970Z] GET /api/uploads/09ffbbc9f7585058b95fbfad3b536ba3.jpg ➞ OK 200 (6ms)
[2026-05-28T09:13:39.441Z] [SUCCESS] [2026-05-28T09:13:39.440Z] OPTIONS /api/drinkCategories/ ➞ NO_CONTENT 204 (1ms)
[2026-05-28T09:13:39.441Z] [ERROR] [2026-05-28T09:13:39.441Z] OPTIONS /api/drinkCategories/ - undefined - Cannot set headers after they are sent to the client | User-Agent: Mozilla/5.0 (X11; Linux x86_64) AppleWebKit/537.36 (KHTML, like Gecko) elsass-catalogue-admin/1.0.9 Chrome/146.0.7680.216 Electron/41.5.1 Safari/537.36 | IP: ::1
[2026-05-28T09:13:39.444Z] [SUCCESS] [2026-05-28T09:13:39.442Z] OPTIONS /api/drinkItems/ ➞ NO_CONTENT 204 (2ms)
[2026-05-28T09:13:39.444Z] [ERROR] [2026-05-28T09:13:39.444Z] OPTIONS /api/drinkItems/ - undefined - Cannot set headers after they are sent to the client | User-Agent: Mozilla/5.0 (X11; Linux x86_64) AppleWebKit/537.36 (KHTML, like Gecko) elsass-catalogue-admin/1.0.9 Chrome/146.0.7680.216 Electron/41.5.1 Safari/537.36 | IP: ::1
[2026-05-28T09:13:39.454Z] [SUCCESS] [2026-05-28T09:13:39.445Z] GET /api/drinkCategories/ ➞ OK 200 (9ms)
[2026-05-28T09:13:39.455Z] [SUCCESS] [2026-05-28T09:13:39.447Z] GET /api/drinkItems/ ➞ OK 200 (8ms)
[2026-05-28T09:13:40.276Z] [SUCCESS] [2026-05-28T09:13:40.271Z] GET /api/uploads/5844576475e97feed6361f47d3eff045.jpg ➞ OK 200 (5ms)
[2026-06-01T08:43:05.722Z] [SUCCESS] [2026-06-01T08:43:05.715Z] OPTIONS /api/auth/user ➞ NO_CONTENT 204 (7ms)
[2026-06-01T08:43:05.727Z] [ERROR] [2026-06-01T08:43:05.727Z] OPTIONS /api/auth/user - undefined - Cannot set headers after they are sent to the client | User-Agent: Mozilla/5.0 (X11; Linux x86_64) AppleWebKit/537.36 (KHTML, like Gecko) elsass-catalogue-admin/1.0.11 Chrome/146.0.7680.216 Electron/41.5.1 Safari/537.36 | IP: ::1
[2026-06-01T08:43:05.744Z] [ERROR] [2026-06-01T08:43:05.744Z] GET /api/auth/user - 401 - Unauthorized | User-Agent: Mozilla/5.0 (X11; Linux x86_64) AppleWebKit/537.36 (KHTML, like Gecko) elsass-catalogue-admin/1.0.11 Chrome/146.0.7680.216 Electron/41.5.1 Safari/537.36 | IP: ::1
[2026-06-01T08:43:05.749Z] [WARN] [2026-06-01T08:43:05.729Z] GET /api/auth/user ➞ UNAUTHORIZED 401 (19ms)
[2026-06-01T08:43:05.822Z] [ERROR] [2026-06-01T08:43:05.822Z] GET /api/auth/user - 401 - Unauthorized | User-Agent: Mozilla/5.0 (X11; Linux x86_64) AppleWebKit/537.36 (KHTML, like Gecko) elsass-catalogue-admin/1.0.11 Chrome/146.0.7680.216 Electron/41.5.1 Safari/537.36 | IP: ::1
[2026-06-01T08:43:05.824Z] [WARN] [2026-06-01T08:43:05.818Z] GET /api/auth/user ➞ UNAUTHORIZED 401 (6ms)
[2026-06-01T08:43:13.637Z] [SUCCESS] [2026-06-01T08:43:13.635Z] OPTIONS /api/auth/user ➞ NO_CONTENT 204 (2ms)
[2026-06-01T08:43:13.637Z] [ERROR] [2026-06-01T08:43:13.637Z] OPTIONS /api/auth/user - undefined - Cannot set headers after they are sent to the client | User-Agent: Mozilla/5.0 (X11; Linux x86_64) AppleWebKit/537.36 (KHTML, like Gecko) elsass-catalogue-admin/1.0.11 Chrome/146.0.7680.216 Electron/41.5.1 Safari/537.36 | IP: ::1
[2026-06-01T08:43:13.643Z] [ERROR] [2026-06-01T08:43:13.643Z] GET /api/auth/user - 401 - Unauthorized | User-Agent: Mozilla/5.0 (X11; Linux x86_64) AppleWebKit/537.36 (KHTML, like Gecko) elsass-catalogue-admin/1.0.11 Chrome/146.0.7680.216 Electron/41.5.1 Safari/537.36 | IP: ::1
[2026-06-01T08:43:13.644Z] [WARN] [2026-06-01T08:43:13.640Z] GET /api/auth/user ➞ UNAUTHORIZED 401 (4ms)
[2026-06-01T08:43:13.691Z] [ERROR] [2026-06-01T08:43:13.691Z] GET /api/auth/user - 401 - Unauthorized | User-Agent: Mozilla/5.0 (X11; Linux x86_64) AppleWebKit/537.36 (KHTML, like Gecko) elsass-catalogue-admin/1.0.11 Chrome/146.0.7680.216 Electron/41.5.1 Safari/537.36 | IP: ::1
[2026-06-01T08:43:13.692Z] [WARN] [2026-06-01T08:43:13.687Z] GET /api/auth/user ➞ UNAUTHORIZED 401 (5ms)
[2026-06-01T08:43:14.909Z] [SUCCESS] [2026-06-01T08:43:14.906Z] OPTIONS /api/auth/sign-in ➞ NO_CONTENT 204 (3ms)
[2026-06-01T08:43:14.910Z] [ERROR] [2026-06-01T08:43:14.910Z] OPTIONS /api/auth/sign-in - undefined - Cannot set headers after they are sent to the client | User-Agent: Mozilla/5.0 (X11; Linux x86_64) AppleWebKit/537.36 (KHTML, like Gecko) elsass-catalogue-admin/1.0.11 Chrome/146.0.7680.216 Electron/41.5.1 Safari/537.36 | IP: ::1
[2026-06-01T08:43:14.953Z] [ERROR] [2026-06-01T08:43:14.952Z] POST /api/auth/sign-in - undefined - connect ECONNREFUSED 127.0.0.1:3306 | User-Agent: Mozilla/5.0 (X11; Linux x86_64) AppleWebKit/537.36 (KHTML, like Gecko) elsass-catalogue-admin/1.0.11 Chrome/146.0.7680.216 Electron/41.5.1 Safari/537.36 | IP: ::1
[2026-06-01T08:43:14.955Z] [ERROR] [2026-06-01T08:43:14.915Z] POST /api/auth/sign-in ➞ INTERNAL_SERVER_ERROR 500 (40ms)
[2026-06-01T08:43:34.008Z] [SUCCESS] [2026-06-01T08:43:34.002Z] OPTIONS /api/auth/sign-in ➞ NO_CONTENT 204 (6ms)
[2026-06-01T08:43:34.009Z] [ERROR] [2026-06-01T08:43:34.009Z] OPTIONS /api/auth/sign-in - undefined - Cannot set headers after they are sent to the client | User-Agent: Mozilla/5.0 (X11; Linux x86_64) AppleWebKit/537.36 (KHTML, like Gecko) elsass-catalogue-admin/1.0.11 Chrome/146.0.7680.216 Electron/41.5.1 Safari/537.36 | IP: ::1
[2026-06-01T08:43:34.021Z] [ERROR] [2026-06-01T08:43:34.021Z] POST /api/auth/sign-in - undefined - connect ECONNREFUSED 127.0.0.1:3306 | User-Agent: Mozilla/5.0 (X11; Linux x86_64) AppleWebKit/537.36 (KHTML, like Gecko) elsass-catalogue-admin/1.0.11 Chrome/146.0.7680.216 Electron/41.5.1 Safari/537.36 | IP: ::1
[2026-06-01T08:43:34.023Z] [ERROR] [2026-06-01T08:43:34.015Z] POST /api/auth/sign-in ➞ INTERNAL_SERVER_ERROR 500 (8ms)
[2026-06-01T08:44:37.609Z] [SUCCESS] [2026-06-01T08:44:37.591Z] OPTIONS /api/auth/sign-in ➞ NO_CONTENT 204 (18ms)
[2026-06-01T08:44:37.614Z] [ERROR] [2026-06-01T08:44:37.614Z] OPTIONS /api/auth/sign-in - undefined - Cannot set headers after they are sent to the client | User-Agent: Mozilla/5.0 (X11; Linux x86_64) AppleWebKit/537.36 (KHTML, like Gecko) elsass-catalogue-admin/1.0.11 Chrome/146.0.7680.216 Electron/41.5.1 Safari/537.36 | IP: ::1
[2026-06-01T08:44:37.812Z] [SUCCESS] [2026-06-01T08:44:37.618Z] POST /api/auth/sign-in ➞ OK 200 (194ms)
[2026-06-01T08:44:37.836Z] [SUCCESS] [2026-06-01T08:44:37.834Z] OPTIONS /api/auth/user ➞ NO_CONTENT 204 (2ms)
[2026-06-01T08:44:37.836Z] [ERROR] [2026-06-01T08:44:37.836Z] OPTIONS /api/auth/user - undefined - Cannot set headers after they are sent to the client | User-Agent: Mozilla/5.0 (X11; Linux x86_64) AppleWebKit/537.36 (KHTML, like Gecko) elsass-catalogue-admin/1.0.11 Chrome/146.0.7680.216 Electron/41.5.1 Safari/537.36 | IP: ::1
[2026-06-01T08:44:37.844Z] [SUCCESS] [2026-06-01T08:44:37.840Z] GET /api/auth/user ➞ OK 200 (4ms)
[2026-06-01T08:44:37.936Z] [SUCCESS] [2026-06-01T08:44:37.933Z] OPTIONS /api/vehicleCategories/ ➞ NO_CONTENT 204 (3ms)
[2026-06-01T08:44:37.937Z] [ERROR] [2026-06-01T08:44:37.937Z] OPTIONS /api/vehicleCategories/ - undefined - Cannot set headers after they are sent to the client | User-Agent: Mozilla/5.0 (X11; Linux x86_64) AppleWebKit/537.36 (KHTML, like Gecko) elsass-catalogue-admin/1.0.11 Chrome/146.0.7680.216 Electron/41.5.1 Safari/537.36 | IP: ::1
[2026-06-01T08:44:37.943Z] [SUCCESS] [2026-06-01T08:44:37.939Z] OPTIONS /api/vehicles/ ➞ NO_CONTENT 204 (4ms)
[2026-06-01T08:44:37.944Z] [ERROR] [2026-06-01T08:44:37.943Z] OPTIONS /api/vehicles/ - undefined - Cannot set headers after they are sent to the client | User-Agent: Mozilla/5.0 (X11; Linux x86_64) AppleWebKit/537.36 (KHTML, like Gecko) elsass-catalogue-admin/1.0.11 Chrome/146.0.7680.216 Electron/41.5.1 Safari/537.36 | IP: ::1
[2026-06-01T08:44:37.952Z] [SUCCESS] [2026-06-01T08:44:37.949Z] OPTIONS /api/circuits/ ➞ NO_CONTENT 204 (3ms)
[2026-06-01T08:44:37.953Z] [ERROR] [2026-06-01T08:44:37.953Z] OPTIONS /api/circuits/ - undefined - Cannot set headers after they are sent to the client | User-Agent: Mozilla/5.0 (X11; Linux x86_64) AppleWebKit/537.36 (KHTML, like Gecko) elsass-catalogue-admin/1.0.11 Chrome/146.0.7680.216 Electron/41.5.1 Safari/537.36 | IP: ::1
[2026-06-01T08:44:37.966Z] [SUCCESS] [2026-06-01T08:44:37.945Z] GET /api/vehicleCategories/ ➞ OK 200 (21ms)
[2026-06-01T08:44:37.994Z] [SUCCESS] [2026-06-01T08:44:37.967Z] GET /api/circuits/ ➞ OK 200 (27ms)
[2026-06-01T08:44:38.004Z] [SUCCESS] [2026-06-01T08:44:37.960Z] GET /api/vehicles/ ➞ OK 200 (44ms)
[2026-06-01T08:44:41.190Z] [SUCCESS] [2026-06-01T08:44:41.185Z] OPTIONS /api/foodItems/ ➞ NO_CONTENT 204 (5ms)
[2026-06-01T08:44:41.191Z] [ERROR] [2026-06-01T08:44:41.191Z] OPTIONS /api/foodItems/ - undefined - Cannot set headers after they are sent to the client | User-Agent: Mozilla/5.0 (X11; Linux x86_64) AppleWebKit/537.36 (KHTML, like Gecko) elsass-catalogue-admin/1.0.11 Chrome/146.0.7680.216 Electron/41.5.1 Safari/537.36 | IP: ::1
[2026-06-01T08:44:41.198Z] [SUCCESS] [2026-06-01T08:44:41.194Z] OPTIONS /api/foodCategories/ ➞ NO_CONTENT 204 (4ms)
[2026-06-01T08:44:41.199Z] [ERROR] [2026-06-01T08:44:41.199Z] OPTIONS /api/foodCategories/ - undefined - Cannot set headers after they are sent to the client | User-Agent: Mozilla/5.0 (X11; Linux x86_64) AppleWebKit/537.36 (KHTML, like Gecko) elsass-catalogue-admin/1.0.11 Chrome/146.0.7680.216 Electron/41.5.1 Safari/537.36 | IP: ::1
[2026-06-01T08:44:41.222Z] [SUCCESS] [2026-06-01T08:44:41.201Z] GET /api/foodItems/ ➞ OK 200 (21ms)
[2026-06-01T08:44:41.226Z] [SUCCESS] [2026-06-01T08:44:41.206Z] GET /api/foodCategories/ ➞ OK 200 (20ms)
[2026-06-01T08:44:41.273Z] [SUCCESS] [2026-06-01T08:44:41.252Z] GET /api/uploads/09ffbbc9f7585058b95fbfad3b536ba3.jpg ➞ OK 200 (21ms)
[2026-06-01T08:44:43.424Z] [SUCCESS] [2026-06-01T08:44:43.418Z] OPTIONS /api/foodItems/1/toggle ➞ NO_CONTENT 204 (6ms)
[2026-06-01T08:44:43.425Z] [ERROR] [2026-06-01T08:44:43.425Z] OPTIONS /api/foodItems/1/toggle - undefined - Cannot set headers after they are sent to the client | User-Agent: Mozilla/5.0 (X11; Linux x86_64) AppleWebKit/537.36 (KHTML, like Gecko) elsass-catalogue-admin/1.0.11 Chrome/146.0.7680.216 Electron/41.5.1 Safari/537.36 | IP: ::1
[2026-06-01T08:44:43.473Z] [ERROR] [2026-06-01T08:44:43.473Z] PUT /api/foodItems/1/toggle - undefined - Unknown column 'price_normal' in 'field list' | User-Agent: Mozilla/5.0 (X11; Linux x86_64) AppleWebKit/537.36 (KHTML, like Gecko) elsass-catalogue-admin/1.0.11 Chrome/146.0.7680.216 Electron/41.5.1 Safari/537.36 | IP: ::1
[2026-06-01T08:44:43.475Z] [ERROR] [2026-06-01T08:44:43.430Z] PUT /api/foodItems/1/toggle ➞ INTERNAL_SERVER_ERROR 500 (45ms)
[2026-06-01T08:44:43.504Z] [SUCCESS] [2026-06-01T08:44:43.489Z] GET /api/foodItems/ ➞ OK 200 (15ms)
[2026-06-01T08:44:44.948Z] [SUCCESS] [2026-06-01T08:44:44.944Z] OPTIONS /api/auth/user ➞ NO_CONTENT 204 (3ms)
[2026-06-01T08:44:44.948Z] [ERROR] [2026-06-01T08:44:44.948Z] OPTIONS /api/auth/user - undefined - Cannot set headers after they are sent to the client | User-Agent: Mozilla/5.0 (X11; Linux x86_64) AppleWebKit/537.36 (KHTML, like Gecko) elsass-catalogue-admin/1.0.11 Chrome/146.0.7680.216 Electron/41.5.1 Safari/537.36 | IP: ::1
[2026-06-01T08:44:44.967Z] [SUCCESS] [2026-06-01T08:44:44.953Z] GET /api/auth/user ➞ OK 200 (14ms)
[2026-06-01T08:44:45.051Z] [SUCCESS] [2026-06-01T08:44:45.028Z] GET /api/foodItems/ ➞ OK 200 (23ms)
[2026-06-01T08:44:45.053Z] [SUCCESS] [2026-06-01T08:44:45.031Z] GET /api/foodCategories/ ➞ OK 200 (22ms)
[2026-06-01T08:44:45.088Z] [SUCCESS] [2026-06-01T08:44:45.076Z] GET /api/uploads/09ffbbc9f7585058b95fbfad3b536ba3.jpg ➞ OK 200 (12ms)
[2026-06-01T08:45:23.403Z] [SUCCESS] [2026-06-01T08:45:23.393Z] OPTIONS /api/auth/user ➞ NO_CONTENT 204 (9ms)
[2026-06-01T08:45:23.405Z] [ERROR] [2026-06-01T08:45:23.405Z] OPTIONS /api/auth/user - undefined - Cannot set headers after they are sent to the client | User-Agent: Mozilla/5.0 (X11; Linux x86_64) AppleWebKit/537.36 (KHTML, like Gecko) elsass-catalogue-admin/1.0.11 Chrome/146.0.7680.216 Electron/41.5.1 Safari/537.36 | IP: ::1
[2026-06-01T08:45:23.459Z] [SUCCESS] [2026-06-01T08:45:23.407Z] GET /api/auth/user ➞ OK 200 (51ms)
[2026-06-01T08:45:23.495Z] [SUCCESS] [2026-06-01T08:45:23.491Z] OPTIONS /api/foodItems/ ➞ NO_CONTENT 204 (4ms)
[2026-06-01T08:45:23.496Z] [ERROR] [2026-06-01T08:45:23.496Z] OPTIONS /api/foodItems/ - undefined - Cannot set headers after they are sent to the client | User-Agent: Mozilla/5.0 (X11; Linux x86_64) AppleWebKit/537.36 (KHTML, like Gecko) elsass-catalogue-admin/1.0.11 Chrome/146.0.7680.216 Electron/41.5.1 Safari/537.36 | IP: ::1
[2026-06-01T08:45:23.500Z] [SUCCESS] [2026-06-01T08:45:23.497Z] OPTIONS /api/foodCategories/ ➞ NO_CONTENT 204 (3ms)
[2026-06-01T08:45:23.500Z] [ERROR] [2026-06-01T08:45:23.500Z] OPTIONS /api/foodCategories/ - undefined - Cannot set headers after they are sent to the client | User-Agent: Mozilla/5.0 (X11; Linux x86_64) AppleWebKit/537.36 (KHTML, like Gecko) elsass-catalogue-admin/1.0.11 Chrome/146.0.7680.216 Electron/41.5.1 Safari/537.36 | IP: ::1
[2026-06-01T08:45:23.517Z] [SUCCESS] [2026-06-01T08:45:23.502Z] GET /api/foodItems/ ➞ OK 200 (15ms)
[2026-06-01T08:45:23.529Z] [SUCCESS] [2026-06-01T08:45:23.505Z] GET /api/foodCategories/ ➞ OK 200 (24ms)
[2026-06-01T08:45:23.555Z] [SUCCESS] [2026-06-01T08:45:23.540Z] GET /api/uploads/09ffbbc9f7585058b95fbfad3b536ba3.jpg ➞ OK 200 (14ms)
[2026-06-01T08:45:24.393Z] [SUCCESS] [2026-06-01T08:45:24.389Z] OPTIONS /api/foodItems/1/toggle ➞ NO_CONTENT 204 (3ms)
[2026-06-01T08:45:24.393Z] [ERROR] [2026-06-01T08:45:24.393Z] OPTIONS /api/foodItems/1/toggle - undefined - Cannot set headers after they are sent to the client | User-Agent: Mozilla/5.0 (X11; Linux x86_64) AppleWebKit/537.36 (KHTML, like Gecko) elsass-catalogue-admin/1.0.11 Chrome/146.0.7680.216 Electron/41.5.1 Safari/537.36 | IP: ::1
[2026-06-01T08:45:24.407Z] [WARN] [2026-06-01T08:45:24.397Z] PUT /api/foodItems/1/toggle ➞ NOT_FOUND 404 (10ms)
[2026-06-01T08:45:24.437Z] [SUCCESS] [2026-06-01T08:45:24.422Z] GET /api/foodItems/ ➞ OK 200 (14ms)
[2026-06-01T08:45:25.807Z] [SUCCESS] [2026-06-01T08:45:25.793Z] GET /api/auth/user ➞ OK 200 (14ms)
[2026-06-01T08:45:25.873Z] [SUCCESS] [2026-06-01T08:45:25.854Z] GET /api/foodItems/ ➞ OK 200 (19ms)
[2026-06-01T08:45:25.875Z] [SUCCESS] [2026-06-01T08:45:25.859Z] GET /api/foodCategories/ ➞ OK 200 (16ms)
[2026-06-01T08:45:25.920Z] [SUCCESS] [2026-06-01T08:45:25.904Z] GET /api/uploads/09ffbbc9f7585058b95fbfad3b536ba3.jpg ➞ OK 200 (16ms)
[2026-06-01T08:45:32.979Z] [SUCCESS] [2026-06-01T08:45:32.973Z] OPTIONS /api/foodItems/1/toggle ➞ NO_CONTENT 204 (6ms)
[2026-06-01T08:45:32.981Z] [ERROR] [2026-06-01T08:45:32.981Z] OPTIONS /api/foodItems/1/toggle - undefined - Cannot set headers after they are sent to the client | User-Agent: Mozilla/5.0 (X11; Linux x86_64) AppleWebKit/537.36 (KHTML, like Gecko) elsass-catalogue-admin/1.0.11 Chrome/146.0.7680.216 Electron/41.5.1 Safari/537.36 | IP: ::1
[2026-06-01T08:45:32.999Z] [WARN] [2026-06-01T08:45:32.986Z] PUT /api/foodItems/1/toggle ➞ NOT_FOUND 404 (13ms)
[2026-06-01T08:45:33.019Z] [SUCCESS] [2026-06-01T08:45:33.013Z] OPTIONS /api/foodItems/ ➞ NO_CONTENT 204 (6ms)
[2026-06-01T08:45:33.020Z] [ERROR] [2026-06-01T08:45:33.019Z] OPTIONS /api/foodItems/ - undefined - Cannot set headers after they are sent to the client | User-Agent: Mozilla/5.0 (X11; Linux x86_64) AppleWebKit/537.36 (KHTML, like Gecko) elsass-catalogue-admin/1.0.11 Chrome/146.0.7680.216 Electron/41.5.1 Safari/537.36 | IP: ::1
[2026-06-01T08:45:33.040Z] [SUCCESS] [2026-06-01T08:45:33.024Z] GET /api/foodItems/ ➞ OK 200 (16ms)
[2026-06-01T08:45:41.170Z] [SUCCESS] [2026-06-01T08:45:41.167Z] OPTIONS /api/auth/user ➞ NO_CONTENT 204 (3ms)
[2026-06-01T08:45:41.170Z] [ERROR] [2026-06-01T08:45:41.170Z] OPTIONS /api/auth/user - undefined - Cannot set headers after they are sent to the client | User-Agent: Mozilla/5.0 (X11; Linux x86_64) AppleWebKit/537.36 (KHTML, like Gecko) elsass-catalogue-admin/1.0.11 Chrome/146.0.7680.216 Electron/41.5.1 Safari/537.36 | IP: ::1
[2026-06-01T08:45:41.180Z] [SUCCESS] [2026-06-01T08:45:41.174Z] GET /api/auth/user ➞ OK 200 (6ms)
[2026-06-01T08:45:41.232Z] [SUCCESS] [2026-06-01T08:45:41.230Z] OPTIONS /api/foodItems/ ➞ NO_CONTENT 204 (2ms)
[2026-06-01T08:45:41.233Z] [ERROR] [2026-06-01T08:45:41.233Z] OPTIONS /api/foodItems/ - undefined - Cannot set headers after they are sent to the client | User-Agent: Mozilla/5.0 (X11; Linux x86_64) AppleWebKit/537.36 (KHTML, like Gecko) elsass-catalogue-admin/1.0.11 Chrome/146.0.7680.216 Electron/41.5.1 Safari/537.36 | IP: ::1
[2026-06-01T08:45:41.237Z] [SUCCESS] [2026-06-01T08:45:41.235Z] OPTIONS /api/foodCategories/ ➞ NO_CONTENT 204 (2ms)
[2026-06-01T08:45:41.238Z] [ERROR] [2026-06-01T08:45:41.238Z] OPTIONS /api/foodCategories/ - undefined - Cannot set headers after they are sent to the client | User-Agent: Mozilla/5.0 (X11; Linux x86_64) AppleWebKit/537.36 (KHTML, like Gecko) elsass-catalogue-admin/1.0.11 Chrome/146.0.7680.216 Electron/41.5.1 Safari/537.36 | IP: ::1
[2026-06-01T08:45:41.253Z] [SUCCESS] [2026-06-01T08:45:41.239Z] GET /api/foodItems/ ➞ OK 200 (14ms)
[2026-06-01T08:45:41.254Z] [SUCCESS] [2026-06-01T08:45:41.243Z] GET /api/foodCategories/ ➞ OK 200 (11ms)
[2026-06-01T08:45:41.305Z] [SUCCESS] [2026-06-01T08:45:41.292Z] GET /api/uploads/09ffbbc9f7585058b95fbfad3b536ba3.jpg ➞ OK 200 (13ms)
[2026-06-01T08:45:43.976Z] [SUCCESS] [2026-06-01T08:45:43.972Z] OPTIONS /api/foodItems/1/toggle ➞ NO_CONTENT 204 (4ms)
[2026-06-01T08:45:43.977Z] [ERROR] [2026-06-01T08:45:43.977Z] OPTIONS /api/foodItems/1/toggle - undefined - Cannot set headers after they are sent to the client | User-Agent: Mozilla/5.0 (X11; Linux x86_64) AppleWebKit/537.36 (KHTML, like Gecko) elsass-catalogue-admin/1.0.11 Chrome/146.0.7680.216 Electron/41.5.1 Safari/537.36 | IP: ::1
[2026-06-01T08:45:43.993Z] [WARN] [2026-06-01T08:45:43.981Z] PUT /api/foodItems/1/toggle ➞ NOT_FOUND 404 (12ms)
[2026-06-01T08:45:44.030Z] [SUCCESS] [2026-06-01T08:45:44.008Z] GET /api/foodItems/ ➞ OK 200 (22ms)
[2026-06-01T08:48:47.742Z] [SUCCESS] [2026-06-01T08:48:47.740Z] OPTIONS /api/auth/user ➞ NO_CONTENT 204 (2ms)
[2026-06-01T08:48:47.742Z] [ERROR] [2026-06-01T08:48:47.742Z] OPTIONS /api/auth/user - undefined - Cannot set headers after they are sent to the client | User-Agent: Mozilla/5.0 (X11; Linux x86_64) AppleWebKit/537.36 (KHTML, like Gecko) elsass-catalogue-admin/1.0.11 Chrome/146.0.7680.216 Electron/41.5.1 Safari/537.36 | IP: ::1
[2026-06-01T08:48:47.753Z] [SUCCESS] [2026-06-01T08:48:47.745Z] GET /api/auth/user ➞ OK 200 (8ms)
[2026-06-01T08:48:47.824Z] [SUCCESS] [2026-06-01T08:48:47.822Z] OPTIONS /api/vehicleCategories/ ➞ NO_CONTENT 204 (2ms)
[2026-06-01T08:48:47.825Z] [ERROR] [2026-06-01T08:48:47.825Z] OPTIONS /api/vehicleCategories/ - undefined - Cannot set headers after they are sent to the client | User-Agent: Mozilla/5.0 (X11; Linux x86_64) AppleWebKit/537.36 (KHTML, like Gecko) elsass-catalogue-admin/1.0.11 Chrome/146.0.7680.216 Electron/41.5.1 Safari/537.36 | IP: ::1
[2026-06-01T08:48:47.829Z] [SUCCESS] [2026-06-01T08:48:47.827Z] OPTIONS /api/vehicles/ ➞ NO_CONTENT 204 (2ms)
[2026-06-01T08:48:47.829Z] [ERROR] [2026-06-01T08:48:47.829Z] OPTIONS /api/vehicles/ - undefined - Cannot set headers after they are sent to the client | User-Agent: Mozilla/5.0 (X11; Linux x86_64) AppleWebKit/537.36 (KHTML, like Gecko) elsass-catalogue-admin/1.0.11 Chrome/146.0.7680.216 Electron/41.5.1 Safari/537.36 | IP: ::1
[2026-06-01T08:48:47.836Z] [SUCCESS] [2026-06-01T08:48:47.833Z] OPTIONS /api/circuits/ ➞ NO_CONTENT 204 (2ms)
[2026-06-01T08:48:47.836Z] [ERROR] [2026-06-01T08:48:47.836Z] OPTIONS /api/circuits/ - undefined - Cannot set headers after they are sent to the client | User-Agent: Mozilla/5.0 (X11; Linux x86_64) AppleWebKit/537.36 (KHTML, like Gecko) elsass-catalogue-admin/1.0.11 Chrome/146.0.7680.216 Electron/41.5.1 Safari/537.36 | IP: ::1
[2026-06-01T08:48:47.845Z] [SUCCESS] [2026-06-01T08:48:47.830Z] GET /api/vehicleCategories/ ➞ OK 200 (15ms)
[2026-06-01T08:48:47.857Z] [SUCCESS] [2026-06-01T08:48:47.841Z] GET /api/vehicles/ ➞ OK 200 (16ms)
[2026-06-01T08:48:47.859Z] [SUCCESS] [2026-06-01T08:48:47.845Z] GET /api/circuits/ ➞ OK 200 (14ms)
[2026-06-01T08:48:47.927Z] [WARN] [2026-06-01T08:48:47.910Z] GET /api/uploads/cbaa7f5716b2a84dfd60dcc7c91d4a29.png ➞ NOT_FOUND 404 (17ms)
[2026-06-01T08:48:47.932Z] [WARN] [2026-06-01T08:48:47.912Z] GET /api/uploads/1b0222facc1ba9421b4602fbc65fd48b.png ➞ NOT_FOUND 404 (20ms)
[2026-06-01T08:48:47.939Z] [WARN] [2026-06-01T08:48:47.932Z] GET /api/uploads/5d4a549d4dbbb9f21061624888ef1273.png ➞ NOT_FOUND 404 (7ms)
[2026-06-01T08:48:47.947Z] [WARN] [2026-06-01T08:48:47.917Z] GET /api/uploads/20220c5e710e14e89102cdbf18234429.png ➞ NOT_FOUND 404 (30ms)
[2026-06-01T08:48:47.950Z] [WARN] [2026-06-01T08:48:47.920Z] GET /api/uploads/b51bbad816b5f3cb797f61c6b618a3f2.png ➞ NOT_FOUND 404 (30ms)
[2026-06-01T08:48:47.953Z] [WARN] [2026-06-01T08:48:47.914Z] GET /api/uploads/8d158a9542fad892dfa7a1216445b2f7.png ➞ NOT_FOUND 404 (39ms)
[2026-06-01T08:48:52.260Z] [SUCCESS] [2026-06-01T08:48:52.252Z] OPTIONS /api/foodItems/ ➞ NO_CONTENT 204 (8ms)
[2026-06-01T08:48:52.261Z] [ERROR] [2026-06-01T08:48:52.261Z] OPTIONS /api/foodItems/ - undefined - Cannot set headers after they are sent to the client | User-Agent: Mozilla/5.0 (X11; Linux x86_64) AppleWebKit/537.36 (KHTML, like Gecko) elsass-catalogue-admin/1.0.11 Chrome/146.0.7680.216 Electron/41.5.1 Safari/537.36 | IP: ::1
[2026-06-01T08:48:52.270Z] [SUCCESS] [2026-06-01T08:48:52.263Z] OPTIONS /api/foodCategories/ ➞ NO_CONTENT 204 (7ms)
[2026-06-01T08:48:52.271Z] [ERROR] [2026-06-01T08:48:52.271Z] OPTIONS /api/foodCategories/ - undefined - Cannot set headers after they are sent to the client | User-Agent: Mozilla/5.0 (X11; Linux x86_64) AppleWebKit/537.36 (KHTML, like Gecko) elsass-catalogue-admin/1.0.11 Chrome/146.0.7680.216 Electron/41.5.1 Safari/537.36 | IP: ::1
[2026-06-01T08:48:52.298Z] [SUCCESS] [2026-06-01T08:48:52.273Z] GET /api/foodItems/ ➞ OK 200 (25ms)
[2026-06-01T08:48:52.299Z] [SUCCESS] [2026-06-01T08:48:52.279Z] GET /api/foodCategories/ ➞ OK 200 (20ms)
[2026-06-01T08:48:52.331Z] [WARN] [2026-06-01T08:48:52.318Z] GET /api/uploads/a16c832a2778252cf13a0d85bab3fdfa.PNG ➞ NOT_FOUND 404 (13ms)
[2026-06-01T08:48:55.651Z] [SUCCESS] [2026-06-01T08:48:55.649Z] OPTIONS /api/auth/user ➞ NO_CONTENT 204 (2ms)
[2026-06-01T08:48:55.652Z] [ERROR] [2026-06-01T08:48:55.652Z] OPTIONS /api/auth/user - undefined - Cannot set headers after they are sent to the client | User-Agent: Mozilla/5.0 (X11; Linux x86_64) AppleWebKit/537.36 (KHTML, like Gecko) elsass-catalogue-admin/1.0.11 Chrome/146.0.7680.216 Electron/41.5.1 Safari/537.36 | IP: ::1
[2026-06-01T08:48:55.662Z] [SUCCESS] [2026-06-01T08:48:55.655Z] GET /api/auth/user ➞ OK 200 (7ms)
[2026-06-01T08:48:55.740Z] [SUCCESS] [2026-06-01T08:48:55.728Z] GET /api/foodItems/ ➞ OK 200 (12ms)
[2026-06-01T08:48:55.742Z] [SUCCESS] [2026-06-01T08:48:55.730Z] GET /api/foodCategories/ ➞ OK 200 (12ms)
[2026-06-01T08:48:55.776Z] [WARN] [2026-06-01T08:48:55.767Z] GET /api/uploads/a16c832a2778252cf13a0d85bab3fdfa.PNG ➞ NOT_FOUND 404 (9ms)
[2026-06-01T08:48:56.500Z] [SUCCESS] [2026-06-01T08:48:56.493Z] OPTIONS /api/foodItems/1/toggle ➞ NO_CONTENT 204 (7ms)
[2026-06-01T08:48:56.501Z] [ERROR] [2026-06-01T08:48:56.501Z] OPTIONS /api/foodItems/1/toggle - undefined - Cannot set headers after they are sent to the client | User-Agent: Mozilla/5.0 (X11; Linux x86_64) AppleWebKit/537.36 (KHTML, like Gecko) elsass-catalogue-admin/1.0.11 Chrome/146.0.7680.216 Electron/41.5.1 Safari/537.36 | IP: ::1
[2026-06-01T08:48:56.515Z] [WARN] [2026-06-01T08:48:56.505Z] PUT /api/foodItems/1/toggle ➞ NOT_FOUND 404 (10ms)
[2026-06-01T08:48:56.541Z] [SUCCESS] [2026-06-01T08:48:56.526Z] GET /api/foodItems/ ➞ OK 200 (14ms)
[2026-06-01T08:48:56.988Z] [WARN] [2026-06-01T08:48:56.975Z] PUT /api/foodItems/1/toggle ➞ NOT_FOUND 404 (13ms)
[2026-06-01T08:48:57.013Z] [SUCCESS] [2026-06-01T08:48:57.000Z] GET /api/foodItems/ ➞ OK 200 (13ms)
[2026-06-01T08:49:05.525Z] [SUCCESS] [2026-06-01T08:49:05.518Z] OPTIONS /api/foodItems/1/toggle ➞ NO_CONTENT 204 (7ms)
[2026-06-01T08:49:05.526Z] [ERROR] [2026-06-01T08:49:05.526Z] OPTIONS /api/foodItems/1/toggle - undefined - Cannot set headers after they are sent to the client | User-Agent: Mozilla/5.0 (X11; Linux x86_64) AppleWebKit/537.36 (KHTML, like Gecko) elsass-catalogue-admin/1.0.11 Chrome/146.0.7680.216 Electron/41.5.1 Safari/537.36 | IP: ::1
[2026-06-01T08:49:05.544Z] [WARN] [2026-06-01T08:49:05.533Z] PUT /api/foodItems/1/toggle ➞ NOT_FOUND 404 (11ms)
[2026-06-01T08:49:05.561Z] [SUCCESS] [2026-06-01T08:49:05.555Z] OPTIONS /api/foodItems/ ➞ NO_CONTENT 204 (6ms)
[2026-06-01T08:49:05.561Z] [ERROR] [2026-06-01T08:49:05.561Z] OPTIONS /api/foodItems/ - undefined - Cannot set headers after they are sent to the client | User-Agent: Mozilla/5.0 (X11; Linux x86_64) AppleWebKit/537.36 (KHTML, like Gecko) elsass-catalogue-admin/1.0.11 Chrome/146.0.7680.216 Electron/41.5.1 Safari/537.36 | IP: ::1
[2026-06-01T08:49:05.585Z] [SUCCESS] [2026-06-01T08:49:05.567Z] GET /api/foodItems/ ➞ OK 200 (18ms)
[2026-06-01T08:49:05.897Z] [WARN] [2026-06-01T08:49:05.887Z] PUT /api/foodItems/1/toggle ➞ NOT_FOUND 404 (10ms)
[2026-06-01T08:49:05.925Z] [SUCCESS] [2026-06-01T08:49:05.910Z] GET /api/foodItems/ ➞ OK 200 (15ms)
[2026-06-01T08:50:30.799Z] [SUCCESS] [2026-06-01T08:50:30.793Z] OPTIONS /api/auth/user ➞ NO_CONTENT 204 (5ms)
[2026-06-01T08:50:30.800Z] [ERROR] [2026-06-01T08:50:30.800Z] OPTIONS /api/auth/user - undefined - Cannot set headers after they are sent to the client | User-Agent: Mozilla/5.0 (X11; Linux x86_64) AppleWebKit/537.36 (KHTML, like Gecko) elsass-catalogue-admin/1.0.11 Chrome/146.0.7680.216 Electron/41.5.1 Safari/537.36 | IP: ::1
[2026-06-01T08:50:30.850Z] [SUCCESS] [2026-06-01T08:50:30.804Z] GET /api/auth/user ➞ OK 200 (46ms)
[2026-06-01T08:50:30.921Z] [SUCCESS] [2026-06-01T08:50:30.918Z] OPTIONS /api/vehicleCategories/ ➞ NO_CONTENT 204 (3ms)
[2026-06-01T08:50:30.922Z] [ERROR] [2026-06-01T08:50:30.922Z] OPTIONS /api/vehicleCategories/ - undefined - Cannot set headers after they are sent to the client | User-Agent: Mozilla/5.0 (X11; Linux x86_64) AppleWebKit/537.36 (KHTML, like Gecko) elsass-catalogue-admin/1.0.11 Chrome/146.0.7680.216 Electron/41.5.1 Safari/537.36 | IP: ::1
[2026-06-01T08:50:30.926Z] [SUCCESS] [2026-06-01T08:50:30.924Z] OPTIONS /api/vehicles/ ➞ NO_CONTENT 204 (2ms)
[2026-06-01T08:50:30.927Z] [ERROR] [2026-06-01T08:50:30.927Z] OPTIONS /api/vehicles/ - undefined - Cannot set headers after they are sent to the client | User-Agent: Mozilla/5.0 (X11; Linux x86_64) AppleWebKit/537.36 (KHTML, like Gecko) elsass-catalogue-admin/1.0.11 Chrome/146.0.7680.216 Electron/41.5.1 Safari/537.36 | IP: ::1
[2026-06-01T08:50:30.934Z] [SUCCESS] [2026-06-01T08:50:30.931Z] OPTIONS /api/circuits/ ➞ NO_CONTENT 204 (3ms)
[2026-06-01T08:50:30.935Z] [ERROR] [2026-06-01T08:50:30.935Z] OPTIONS /api/circuits/ - undefined - Cannot set headers after they are sent to the client | User-Agent: Mozilla/5.0 (X11; Linux x86_64) AppleWebKit/537.36 (KHTML, like Gecko) elsass-catalogue-admin/1.0.11 Chrome/146.0.7680.216 Electron/41.5.1 Safari/537.36 | IP: ::1
[2026-06-01T08:50:30.946Z] [SUCCESS] [2026-06-01T08:50:30.928Z] GET /api/vehicleCategories/ ➞ OK 200 (18ms)
[2026-06-01T08:50:30.967Z] [SUCCESS] [2026-06-01T08:50:30.952Z] GET /api/circuits/ ➞ OK 200 (15ms)
[2026-06-01T08:50:30.973Z] [SUCCESS] [2026-06-01T08:50:30.941Z] GET /api/vehicles/ ➞ OK 200 (32ms)
[2026-06-01T08:50:31.028Z] [WARN] [2026-06-01T08:50:31.013Z] GET /api/uploads/cbaa7f5716b2a84dfd60dcc7c91d4a29.png ➞ NOT_FOUND 404 (14ms)
[2026-06-01T08:50:31.030Z] [WARN] [2026-06-01T08:50:31.017Z] GET /api/uploads/1b0222facc1ba9421b4602fbc65fd48b.png ➞ NOT_FOUND 404 (13ms)
[2026-06-01T08:50:31.041Z] [WARN] [2026-06-01T08:50:31.031Z] GET /api/uploads/20220c5e710e14e89102cdbf18234429.png ➞ NOT_FOUND 404 (10ms)
[2026-06-01T08:50:31.047Z] [WARN] [2026-06-01T08:50:31.035Z] GET /api/uploads/b51bbad816b5f3cb797f61c6b618a3f2.png ➞ NOT_FOUND 404 (12ms)
[2026-06-01T08:50:31.052Z] [WARN] [2026-06-01T08:50:31.041Z] GET /api/uploads/5d4a549d4dbbb9f21061624888ef1273.png ➞ NOT_FOUND 404 (11ms)
[2026-06-01T08:50:31.057Z] [WARN] [2026-06-01T08:50:31.020Z] GET /api/uploads/8d158a9542fad892dfa7a1216445b2f7.png ➞ NOT_FOUND 404 (36ms)
[2026-06-01T08:50:34.496Z] [SUCCESS] [2026-06-01T08:50:34.490Z] OPTIONS /api/foodItems/ ➞ NO_CONTENT 204 (5ms)
[2026-06-01T08:50:34.497Z] [ERROR] [2026-06-01T08:50:34.496Z] OPTIONS /api/foodItems/ - undefined - Cannot set headers after they are sent to the client | User-Agent: Mozilla/5.0 (X11; Linux x86_64) AppleWebKit/537.36 (KHTML, like Gecko) elsass-catalogue-admin/1.0.11 Chrome/146.0.7680.216 Electron/41.5.1 Safari/537.36 | IP: ::1
[2026-06-01T08:50:34.504Z] [SUCCESS] [2026-06-01T08:50:34.499Z] OPTIONS /api/foodCategories/ ➞ NO_CONTENT 204 (5ms)
[2026-06-01T08:50:34.505Z] [ERROR] [2026-06-01T08:50:34.505Z] OPTIONS /api/foodCategories/ - undefined - Cannot set headers after they are sent to the client | User-Agent: Mozilla/5.0 (X11; Linux x86_64) AppleWebKit/537.36 (KHTML, like Gecko) elsass-catalogue-admin/1.0.11 Chrome/146.0.7680.216 Electron/41.5.1 Safari/537.36 | IP: ::1
[2026-06-01T08:50:34.526Z] [SUCCESS] [2026-06-01T08:50:34.507Z] GET /api/foodItems/ ➞ OK 200 (19ms)
[2026-06-01T08:50:34.529Z] [SUCCESS] [2026-06-01T08:50:34.511Z] GET /api/foodCategories/ ➞ OK 200 (17ms)
[2026-06-01T08:50:34.549Z] [WARN] [2026-06-01T08:50:34.538Z] GET /api/uploads/a16c832a2778252cf13a0d85bab3fdfa.PNG ➞ NOT_FOUND 404 (11ms)
[2026-06-01T08:50:35.868Z] [SUCCESS] [2026-06-01T08:50:35.865Z] OPTIONS /api/foodItems/1/toggle ➞ NO_CONTENT 204 (3ms)
[2026-06-01T08:50:35.869Z] [ERROR] [2026-06-01T08:50:35.869Z] OPTIONS /api/foodItems/1/toggle - undefined - Cannot set headers after they are sent to the client | User-Agent: Mozilla/5.0 (X11; Linux x86_64) AppleWebKit/537.36 (KHTML, like Gecko) elsass-catalogue-admin/1.0.11 Chrome/146.0.7680.216 Electron/41.5.1 Safari/537.36 | IP: ::1
[2026-06-01T08:50:35.915Z] [SUCCESS] [2026-06-01T08:50:35.873Z] PUT /api/foodItems/1/toggle ➞ OK 200 (41ms)
[2026-06-01T08:50:35.939Z] [SUCCESS] [2026-06-01T08:50:35.926Z] GET /api/foodItems/ ➞ OK 200 (13ms)
[2026-06-01T08:50:36.305Z] [SUCCESS] [2026-06-01T08:50:36.267Z] PUT /api/foodItems/1/toggle ➞ OK 200 (38ms)
[2026-06-01T08:50:36.331Z] [SUCCESS] [2026-06-01T08:50:36.316Z] GET /api/foodItems/ ➞ OK 200 (15ms)
[2026-06-01T08:50:37.572Z] [SUCCESS] [2026-06-01T08:50:37.531Z] PUT /api/foodItems/1/toggle ➞ OK 200 (41ms)
[2026-06-01T08:50:37.598Z] [SUCCESS] [2026-06-01T08:50:37.585Z] GET /api/foodItems/ ➞ OK 200 (13ms)
[2026-06-01T08:50:39.476Z] [SUCCESS] [2026-06-01T08:50:39.473Z] OPTIONS /api/auth/user ➞ NO_CONTENT 204 (2ms)
[2026-06-01T08:50:39.476Z] [ERROR] [2026-06-01T08:50:39.476Z] OPTIONS /api/auth/user - undefined - Cannot set headers after they are sent to the client | User-Agent: Mozilla/5.0 (X11; Linux x86_64) AppleWebKit/537.36 (KHTML, like Gecko) elsass-catalogue-admin/1.0.11 Chrome/146.0.7680.216 Electron/41.5.1 Safari/537.36 | IP: ::1
[2026-06-01T08:50:39.490Z] [SUCCESS] [2026-06-01T08:50:39.482Z] GET /api/auth/user ➞ OK 200 (8ms)
[2026-06-01T08:50:39.550Z] [SUCCESS] [2026-06-01T08:50:39.549Z] OPTIONS /api/foodItems/ ➞ NO_CONTENT 204 (1ms)
[2026-06-01T08:50:39.551Z] [ERROR] [2026-06-01T08:50:39.551Z] OPTIONS /api/foodItems/ - undefined - Cannot set headers after they are sent to the client | User-Agent: Mozilla/5.0 (X11; Linux x86_64) AppleWebKit/537.36 (KHTML, like Gecko) elsass-catalogue-admin/1.0.11 Chrome/146.0.7680.216 Electron/41.5.1 Safari/537.36 | IP: ::1
[2026-06-01T08:50:39.553Z] [SUCCESS] [2026-06-01T08:50:39.552Z] OPTIONS /api/foodCategories/ ➞ NO_CONTENT 204 (1ms)
[2026-06-01T08:50:39.554Z] [ERROR] [2026-06-01T08:50:39.554Z] OPTIONS /api/foodCategories/ - undefined - Cannot set headers after they are sent to the client | User-Agent: Mozilla/5.0 (X11; Linux x86_64) AppleWebKit/537.36 (KHTML, like Gecko) elsass-catalogue-admin/1.0.11 Chrome/146.0.7680.216 Electron/41.5.1 Safari/537.36 | IP: ::1
[2026-06-01T08:50:39.572Z] [SUCCESS] [2026-06-01T08:50:39.559Z] GET /api/foodItems/ ➞ OK 200 (13ms)
[2026-06-01T08:50:39.577Z] [SUCCESS] [2026-06-01T08:50:39.561Z] GET /api/foodCategories/ ➞ OK 200 (16ms)
[2026-06-01T08:50:39.606Z] [WARN] [2026-06-01T08:50:39.599Z] GET /api/uploads/a16c832a2778252cf13a0d85bab3fdfa.PNG ➞ NOT_FOUND 404 (7ms)
[2026-06-01T08:50:40.475Z] [SUCCESS] [2026-06-01T08:50:40.442Z] PUT /api/foodItems/1/toggle ➞ OK 200 (32ms)
[2026-06-01T08:50:40.499Z] [SUCCESS] [2026-06-01T08:50:40.488Z] GET /api/foodItems/ ➞ OK 200 (10ms)
[2026-06-01T08:50:41.469Z] [SUCCESS] [2026-06-01T08:50:41.458Z] GET /api/auth/user ➞ OK 200 (11ms)
[2026-06-01T08:50:41.530Z] [SUCCESS] [2026-06-01T08:50:41.519Z] GET /api/foodItems/ ➞ OK 200 (11ms)
[2026-06-01T08:50:41.533Z] [SUCCESS] [2026-06-01T08:50:41.522Z] GET /api/foodCategories/ ➞ OK 200 (11ms)
[2026-06-01T08:50:41.563Z] [WARN] [2026-06-01T08:50:41.551Z] GET /api/uploads/a16c832a2778252cf13a0d85bab3fdfa.PNG ➞ NOT_FOUND 404 (12ms)
[2026-06-01T08:50:49.214Z] [SUCCESS] [2026-06-01T08:50:49.210Z] OPTIONS /api/foodItems/1/toggle ➞ NO_CONTENT 204 (4ms)
[2026-06-01T08:50:49.215Z] [ERROR] [2026-06-01T08:50:49.215Z] OPTIONS /api/foodItems/1/toggle - undefined - Cannot set headers after they are sent to the client | User-Agent: Mozilla/5.0 (X11; Linux x86_64) AppleWebKit/537.36 (KHTML, like Gecko) elsass-catalogue-admin/1.0.11 Chrome/146.0.7680.216 Electron/41.5.1 Safari/537.36 | IP: ::1
[2026-06-01T08:50:49.251Z] [SUCCESS] [2026-06-01T08:50:49.219Z] PUT /api/foodItems/1/toggle ➞ OK 200 (32ms)
[2026-06-01T08:50:49.269Z] [SUCCESS] [2026-06-01T08:50:49.264Z] OPTIONS /api/foodItems/ ➞ NO_CONTENT 204 (5ms)
[2026-06-01T08:50:49.270Z] [ERROR] [2026-06-01T08:50:49.270Z] OPTIONS /api/foodItems/ - undefined - Cannot set headers after they are sent to the client | User-Agent: Mozilla/5.0 (X11; Linux x86_64) AppleWebKit/537.36 (KHTML, like Gecko) elsass-catalogue-admin/1.0.11 Chrome/146.0.7680.216 Electron/41.5.1 Safari/537.36 | IP: ::1
[2026-06-01T08:50:49.290Z] [SUCCESS] [2026-06-01T08:50:49.274Z] GET /api/foodItems/ ➞ OK 200 (16ms)
[2026-06-01T08:50:50.364Z] [SUCCESS] [2026-06-01T08:50:50.362Z] OPTIONS /api/auth/user ➞ NO_CONTENT 204 (2ms)
[2026-06-01T08:50:50.364Z] [ERROR] [2026-06-01T08:50:50.364Z] OPTIONS /api/auth/user - undefined - Cannot set headers after they are sent to the client | User-Agent: Mozilla/5.0 (X11; Linux x86_64) AppleWebKit/537.36 (KHTML, like Gecko) elsass-catalogue-admin/1.0.11 Chrome/146.0.7680.216 Electron/41.5.1 Safari/537.36 | IP: ::1
[2026-06-01T08:50:50.376Z] [SUCCESS] [2026-06-01T08:50:50.367Z] GET /api/auth/user ➞ OK 200 (8ms)
[2026-06-01T08:50:50.428Z] [SUCCESS] [2026-06-01T08:50:50.425Z] OPTIONS /api/foodCategories/ ➞ NO_CONTENT 204 (3ms)
[2026-06-01T08:50:50.428Z] [ERROR] [2026-06-01T08:50:50.428Z] OPTIONS /api/foodCategories/ - undefined - Cannot set headers after they are sent to the client | User-Agent: Mozilla/5.0 (X11; Linux x86_64) AppleWebKit/537.36 (KHTML, like Gecko) elsass-catalogue-admin/1.0.11 Chrome/146.0.7680.216 Electron/41.5.1 Safari/537.36 | IP: ::1
[2026-06-01T08:50:50.439Z] [SUCCESS] [2026-06-01T08:50:50.423Z] GET /api/foodItems/ ➞ OK 200 (16ms)
[2026-06-01T08:50:50.452Z] [SUCCESS] [2026-06-01T08:50:50.440Z] GET /api/foodCategories/ ➞ OK 200 (12ms)
[2026-06-01T08:50:50.481Z] [WARN] [2026-06-01T08:50:50.473Z] GET /api/uploads/a16c832a2778252cf13a0d85bab3fdfa.PNG ➞ NOT_FOUND 404 (8ms)
[2026-06-01T08:50:53.431Z] [SUCCESS] [2026-06-01T08:50:53.401Z] PUT /api/foodItems/1/toggle ➞ OK 200 (30ms)
[2026-06-01T08:50:53.458Z] [SUCCESS] [2026-06-01T08:50:53.447Z] GET /api/foodItems/ ➞ OK 200 (11ms)
[2026-06-01T08:50:54.835Z] [SUCCESS] [2026-06-01T08:50:54.831Z] GET /api/auth/user ➞ OK 200 (4ms)
[2026-06-01T08:50:54.918Z] [SUCCESS] [2026-06-01T08:50:54.916Z] OPTIONS /api/foodItems/ ➞ NO_CONTENT 204 (2ms)
[2026-06-01T08:50:54.919Z] [ERROR] [2026-06-01T08:50:54.919Z] OPTIONS /api/foodItems/ - undefined - Cannot set headers after they are sent to the client | User-Agent: Mozilla/5.0 (X11; Linux x86_64) AppleWebKit/537.36 (KHTML, like Gecko) elsass-catalogue-admin/1.0.11 Chrome/146.0.7680.216 Electron/41.5.1 Safari/537.36 | IP: ::1
[2026-06-01T08:50:54.935Z] [SUCCESS] [2026-06-01T08:50:54.919Z] GET /api/foodCategories/ ➞ OK 200 (16ms)
[2026-06-01T08:50:54.939Z] [SUCCESS] [2026-06-01T08:50:54.923Z] GET /api/foodItems/ ➞ OK 200 (16ms)
[2026-06-01T08:50:54.988Z] [WARN] [2026-06-01T08:50:54.979Z] GET /api/uploads/a16c832a2778252cf13a0d85bab3fdfa.PNG ➞ NOT_FOUND 404 (8ms)
[2026-06-01T08:52:04.135Z] [SUCCESS] [2026-06-01T08:52:04.134Z] OPTIONS /api/auth/user ➞ NO_CONTENT 204 (1ms)
[2026-06-01T08:52:04.135Z] [ERROR] [2026-06-01T08:52:04.135Z] OPTIONS /api/auth/user - undefined - Cannot set headers after they are sent to the client | User-Agent: Mozilla/5.0 (X11; Linux x86_64) AppleWebKit/537.36 (KHTML, like Gecko) elsass-catalogue-admin/1.0.11 Chrome/146.0.7680.216 Electron/41.5.1 Safari/537.36 | IP: ::1
[2026-06-01T08:52:04.141Z] [SUCCESS] [2026-06-01T08:52:04.138Z] GET /api/auth/user ➞ OK 200 (3ms)
[2026-06-01T08:52:04.204Z] [SUCCESS] [2026-06-01T08:52:04.203Z] OPTIONS /api/vehicleCategories/ ➞ NO_CONTENT 204 (1ms)
[2026-06-01T08:52:04.204Z] [ERROR] [2026-06-01T08:52:04.204Z] OPTIONS /api/vehicleCategories/ - undefined - Cannot set headers after they are sent to the client | User-Agent: Mozilla/5.0 (X11; Linux x86_64) AppleWebKit/537.36 (KHTML, like Gecko) elsass-catalogue-admin/1.0.11 Chrome/146.0.7680.216 Electron/41.5.1 Safari/537.36 | IP: ::1
[2026-06-01T08:52:04.205Z] [SUCCESS] [2026-06-01T08:52:04.205Z] OPTIONS /api/vehicles/ ➞ NO_CONTENT 204 (0ms)
[2026-06-01T08:52:04.206Z] [ERROR] [2026-06-01T08:52:04.206Z] OPTIONS /api/vehicles/ - undefined - Cannot set headers after they are sent to the client | User-Agent: Mozilla/5.0 (X11; Linux x86_64) AppleWebKit/537.36 (KHTML, like Gecko) elsass-catalogue-admin/1.0.11 Chrome/146.0.7680.216 Electron/41.5.1 Safari/537.36 | IP: ::1
[2026-06-01T08:52:04.209Z] [SUCCESS] [2026-06-01T08:52:04.208Z] OPTIONS /api/circuits/ ➞ NO_CONTENT 204 (1ms)
[2026-06-01T08:52:04.209Z] [ERROR] [2026-06-01T08:52:04.209Z] OPTIONS /api/circuits/ - undefined - Cannot set headers after they are sent to the client | User-Agent: Mozilla/5.0 (X11; Linux x86_64) AppleWebKit/537.36 (KHTML, like Gecko) elsass-catalogue-admin/1.0.11 Chrome/146.0.7680.216 Electron/41.5.1 Safari/537.36 | IP: ::1
[2026-06-01T08:52:04.215Z] [SUCCESS] [2026-06-01T08:52:04.206Z] GET /api/vehicleCategories/ ➞ OK 200 (9ms)
[2026-06-01T08:52:04.223Z] [SUCCESS] [2026-06-01T08:52:04.212Z] GET /api/vehicles/ ➞ OK 200 (11ms)
[2026-06-01T08:52:04.223Z] [SUCCESS] [2026-06-01T08:52:04.213Z] GET /api/circuits/ ➞ OK 200 (10ms)
[2026-06-01T08:52:04.288Z] [WARN] [2026-06-01T08:52:04.274Z] GET /api/uploads/cbaa7f5716b2a84dfd60dcc7c91d4a29.png ➞ NOT_FOUND 404 (14ms)
[2026-06-01T08:52:04.290Z] [WARN] [2026-06-01T08:52:04.276Z] GET /api/uploads/1b0222facc1ba9421b4602fbc65fd48b.png ➞ NOT_FOUND 404 (14ms)
[2026-06-01T08:52:04.292Z] [WARN] [2026-06-01T08:52:04.278Z] GET /api/uploads/8d158a9542fad892dfa7a1216445b2f7.png ➞ NOT_FOUND 404 (14ms)
[2026-06-01T08:52:04.304Z] [WARN] [2026-06-01T08:52:04.284Z] GET /api/uploads/5d4a549d4dbbb9f21061624888ef1273.png ➞ NOT_FOUND 404 (20ms)
[2026-06-01T08:52:04.307Z] [WARN] [2026-06-01T08:52:04.282Z] GET /api/uploads/b51bbad816b5f3cb797f61c6b618a3f2.png ➞ NOT_FOUND 404 (25ms)
[2026-06-01T08:52:04.309Z] [WARN] [2026-06-01T08:52:04.280Z] GET /api/uploads/20220c5e710e14e89102cdbf18234429.png ➞ NOT_FOUND 404 (29ms)
[2026-06-01T08:53:52.547Z] [SUCCESS] [2026-06-01T08:53:52.542Z] OPTIONS /api/auth/user ➞ NO_CONTENT 204 (4ms)
[2026-06-01T08:53:52.549Z] [ERROR] [2026-06-01T08:53:52.549Z] OPTIONS /api/auth/user - undefined - Cannot set headers after they are sent to the client | User-Agent: Mozilla/5.0 (X11; Linux x86_64) AppleWebKit/537.36 (KHTML, like Gecko) elsass-catalogue-admin/1.0.11 Chrome/146.0.7680.216 Electron/41.5.1 Safari/537.36 | IP: ::1
[2026-06-01T08:53:52.576Z] [SUCCESS] [2026-06-01T08:53:52.550Z] GET /api/auth/user ➞ OK 200 (26ms)
[2026-06-01T08:53:52.627Z] [SUCCESS] [2026-06-01T08:53:52.626Z] OPTIONS /api/vehicleCategories/ ➞ NO_CONTENT 204 (1ms)
[2026-06-01T08:53:52.628Z] [ERROR] [2026-06-01T08:53:52.628Z] OPTIONS /api/vehicleCategories/ - undefined - Cannot set headers after they are sent to the client | User-Agent: Mozilla/5.0 (X11; Linux x86_64) AppleWebKit/537.36 (KHTML, like Gecko) elsass-catalogue-admin/1.0.11 Chrome/146.0.7680.216 Electron/41.5.1 Safari/537.36 | IP: ::1
[2026-06-01T08:53:52.630Z] [SUCCESS] [2026-06-01T08:53:52.628Z] OPTIONS /api/vehicles/ ➞ NO_CONTENT 204 (2ms)
[2026-06-01T08:53:52.632Z] [SUCCESS] [2026-06-01T08:53:52.630Z] OPTIONS /api/circuits/ ➞ NO_CONTENT 204 (2ms)
[2026-06-01T08:53:52.632Z] [ERROR] [2026-06-01T08:53:52.632Z] OPTIONS /api/vehicles/ - undefined - Cannot set headers after they are sent to the client | User-Agent: Mozilla/5.0 (X11; Linux x86_64) AppleWebKit/537.36 (KHTML, like Gecko) elsass-catalogue-admin/1.0.11 Chrome/146.0.7680.216 Electron/41.5.1 Safari/537.36 | IP: ::1
[2026-06-01T08:53:52.632Z] [ERROR] [2026-06-01T08:53:52.632Z] OPTIONS /api/circuits/ - undefined - Cannot set headers after they are sent to the client | User-Agent: Mozilla/5.0 (X11; Linux x86_64) AppleWebKit/537.36 (KHTML, like Gecko) elsass-catalogue-admin/1.0.11 Chrome/146.0.7680.216 Electron/41.5.1 Safari/537.36 | IP: ::1
[2026-06-01T08:53:52.642Z] [SUCCESS] [2026-06-01T08:53:52.633Z] GET /api/vehicleCategories/ ➞ OK 200 (9ms)
[2026-06-01T08:53:52.658Z] [SUCCESS] [2026-06-01T08:53:52.635Z] GET /api/vehicles/ ➞ OK 200 (23ms)
[2026-06-01T08:53:52.661Z] [SUCCESS] [2026-06-01T08:53:52.640Z] GET /api/circuits/ ➞ OK 200 (21ms)
[2026-06-01T08:53:52.699Z] [WARN] [2026-06-01T08:53:52.685Z] GET /api/uploads/cbaa7f5716b2a84dfd60dcc7c91d4a29.png ➞ NOT_FOUND 404 (13ms)
[2026-06-01T08:53:52.702Z] [WARN] [2026-06-01T08:53:52.687Z] GET /api/uploads/1b0222facc1ba9421b4602fbc65fd48b.png ➞ NOT_FOUND 404 (14ms)
[2026-06-01T08:53:52.712Z] [WARN] [2026-06-01T08:53:52.689Z] GET /api/uploads/8d158a9542fad892dfa7a1216445b2f7.png ➞ NOT_FOUND 404 (23ms)
[2026-06-01T08:53:52.715Z] [WARN] [2026-06-01T08:53:52.702Z] GET /api/uploads/5d4a549d4dbbb9f21061624888ef1273.png ➞ NOT_FOUND 404 (13ms)
[2026-06-01T08:53:52.722Z] [WARN] [2026-06-01T08:53:52.691Z] GET /api/uploads/20220c5e710e14e89102cdbf18234429.png ➞ NOT_FOUND 404 (31ms)
[2026-06-01T08:53:52.729Z] [WARN] [2026-06-01T08:53:52.693Z] GET /api/uploads/b51bbad816b5f3cb797f61c6b618a3f2.png ➞ NOT_FOUND 404 (35ms)
[2026-06-01T08:53:57.807Z] [SUCCESS] [2026-06-01T08:53:57.805Z] OPTIONS /api/foodItems/ ➞ NO_CONTENT 204 (2ms)
[2026-06-01T08:53:57.813Z] [SUCCESS] [2026-06-01T08:53:57.809Z] OPTIONS /api/foodCategories/ ➞ NO_CONTENT 204 (4ms)
[2026-06-01T08:53:57.814Z] [ERROR] [2026-06-01T08:53:57.814Z] OPTIONS /api/foodItems/ - undefined - Cannot set headers after they are sent to the client | User-Agent: Mozilla/5.0 (X11; Linux x86_64) AppleWebKit/537.36 (KHTML, like Gecko) elsass-catalogue-admin/1.0.11 Chrome/146.0.7680.216 Electron/41.5.1 Safari/537.36 | IP: ::1
[2026-06-01T08:53:57.814Z] [ERROR] [2026-06-01T08:53:57.814Z] OPTIONS /api/foodCategories/ - undefined - Cannot set headers after they are sent to the client | User-Agent: Mozilla/5.0 (X11; Linux x86_64) AppleWebKit/537.36 (KHTML, like Gecko) elsass-catalogue-admin/1.0.11 Chrome/146.0.7680.216 Electron/41.5.1 Safari/537.36 | IP: ::1
[2026-06-01T08:53:57.836Z] [SUCCESS] [2026-06-01T08:53:57.823Z] GET /api/foodCategories/ ➞ OK 200 (13ms)
[2026-06-01T08:53:57.838Z] [SUCCESS] [2026-06-01T08:53:57.818Z] GET /api/foodItems/ ➞ OK 200 (20ms)
[2026-06-01T08:53:57.874Z] [WARN] [2026-06-01T08:53:57.865Z] GET /api/uploads/a16c832a2778252cf13a0d85bab3fdfa.PNG ➞ NOT_FOUND 404 (9ms)
[2026-06-01T08:53:59.188Z] [SUCCESS] [2026-06-01T08:53:59.185Z] OPTIONS /api/drinkItems/ ➞ NO_CONTENT 204 (3ms)
[2026-06-01T08:53:59.192Z] [SUCCESS] [2026-06-01T08:53:59.189Z] OPTIONS /api/drinkCategories/ ➞ NO_CONTENT 204 (2ms)
[2026-06-01T08:53:59.192Z] [ERROR] [2026-06-01T08:53:59.192Z] OPTIONS /api/drinkItems/ - undefined - Cannot set headers after they are sent to the client | User-Agent: Mozilla/5.0 (X11; Linux x86_64) AppleWebKit/537.36 (KHTML, like Gecko) elsass-catalogue-admin/1.0.11 Chrome/146.0.7680.216 Electron/41.5.1 Safari/537.36 | IP: ::1
[2026-06-01T08:53:59.193Z] [ERROR] [2026-06-01T08:53:59.193Z] OPTIONS /api/drinkCategories/ - undefined - Cannot set headers after they are sent to the client | User-Agent: Mozilla/5.0 (X11; Linux x86_64) AppleWebKit/537.36 (KHTML, like Gecko) elsass-catalogue-admin/1.0.11 Chrome/146.0.7680.216 Electron/41.5.1 Safari/537.36 | IP: ::1
[2026-06-01T08:53:59.209Z] [SUCCESS] [2026-06-01T08:53:59.194Z] GET /api/drinkItems/ ➞ OK 200 (15ms)
[2026-06-01T08:53:59.210Z] [SUCCESS] [2026-06-01T08:53:59.196Z] GET /api/drinkCategories/ ➞ OK 200 (14ms)
[2026-06-01T08:54:32.551Z] [SUCCESS] [2026-06-01T08:54:32.548Z] OPTIONS /api/drinkCategories/ ➞ NO_CONTENT 204 (3ms)
[2026-06-01T08:54:32.552Z] [ERROR] [2026-06-01T08:54:32.552Z] OPTIONS /api/drinkCategories/ - undefined - Cannot set headers after they are sent to the client | User-Agent: Mozilla/5.0 (X11; Linux x86_64) AppleWebKit/537.36 (KHTML, like Gecko) elsass-catalogue-admin/1.0.11 Chrome/146.0.7680.216 Electron/41.5.1 Safari/537.36 | IP: ::1
[2026-06-01T08:54:32.592Z] [SUCCESS] [2026-06-01T08:54:32.560Z] POST /api/drinkCategories/ ➞ CREATED 201 (32ms)
[2026-06-01T08:54:32.617Z] [SUCCESS] [2026-06-01T08:54:32.602Z] GET /api/drinkCategories/ ➞ OK 200 (14ms)
[2026-06-01T08:54:48.501Z] [SUCCESS] [2026-06-01T08:54:48.497Z] OPTIONS /api/drinkItems/ ➞ NO_CONTENT 204 (4ms)
[2026-06-01T08:54:48.502Z] [ERROR] [2026-06-01T08:54:48.502Z] OPTIONS /api/drinkItems/ - undefined - Cannot set headers after they are sent to the client | User-Agent: Mozilla/5.0 (X11; Linux x86_64) AppleWebKit/537.36 (KHTML, like Gecko) elsass-catalogue-admin/1.0.11 Chrome/146.0.7680.216 Electron/41.5.1 Safari/537.36 | IP: ::1
[2026-06-01T08:54:48.539Z] [ERROR] [2026-06-01T08:54:48.539Z] POST /api/drinkItems/ - undefined - Incorrect FLOAT value: '' for column 'price_normal' at row 1 | User-Agent: Mozilla/5.0 (X11; Linux x86_64) AppleWebKit/537.36 (KHTML, like Gecko) elsass-catalogue-admin/1.0.11 Chrome/146.0.7680.216 Electron/41.5.1 Safari/537.36 | IP: ::1
[2026-06-01T08:54:48.541Z] [ERROR] [2026-06-01T08:54:48.507Z] POST /api/drinkItems/ ➞ INTERNAL_SERVER_ERROR 500 (34ms)
[2026-06-01T08:54:48.570Z] [SUCCESS] [2026-06-01T08:54:48.552Z] GET /api/drinkItems/ ➞ OK 200 (18ms)
[2026-06-01T08:55:21.936Z] [SUCCESS] [2026-06-01T08:55:21.931Z] OPTIONS /api/drinkItems/ ➞ NO_CONTENT 204 (5ms)
[2026-06-01T08:55:21.937Z] [ERROR] [2026-06-01T08:55:21.937Z] OPTIONS /api/drinkItems/ - undefined - Cannot set headers after they are sent to the client | User-Agent: Mozilla/5.0 (X11; Linux x86_64) AppleWebKit/537.36 (KHTML, like Gecko) elsass-catalogue-admin/1.0.11 Chrome/146.0.7680.216 Electron/41.5.1 Safari/537.36 | IP: ::1
[2026-06-01T08:55:21.978Z] [SUCCESS] [2026-06-01T08:55:21.940Z] POST /api/drinkItems/ ➞ CREATED 201 (38ms)
[2026-06-01T08:55:22.003Z] [SUCCESS] [2026-06-01T08:55:21.989Z] GET /api/drinkItems/ ➞ OK 200 (13ms)
[2026-06-01T08:55:27.956Z] [SUCCESS] [2026-06-01T08:55:27.953Z] OPTIONS /api/auth/user ➞ NO_CONTENT 204 (3ms)
[2026-06-01T08:55:27.957Z] [ERROR] [2026-06-01T08:55:27.957Z] OPTIONS /api/auth/user - undefined - Cannot set headers after they are sent to the client | User-Agent: Mozilla/5.0 (X11; Linux x86_64) AppleWebKit/537.36 (KHTML, like Gecko) elsass-catalogue-admin/1.0.11 Chrome/146.0.7680.216 Electron/41.5.1 Safari/537.36 | IP: ::1
[2026-06-01T08:55:27.974Z] [SUCCESS] [2026-06-01T08:55:27.962Z] GET /api/auth/user ➞ OK 200 (12ms)
[2026-06-01T08:55:28.041Z] [SUCCESS] [2026-06-01T08:55:28.036Z] OPTIONS /api/drinkItems/ ➞ NO_CONTENT 204 (5ms)
[2026-06-01T08:55:28.042Z] [ERROR] [2026-06-01T08:55:28.041Z] OPTIONS /api/drinkItems/ - undefined - Cannot set headers after they are sent to the client | User-Agent: Mozilla/5.0 (X11; Linux x86_64) AppleWebKit/537.36 (KHTML, like Gecko) elsass-catalogue-admin/1.0.11 Chrome/146.0.7680.216 Electron/41.5.1 Safari/537.36 | IP: ::1
[2026-06-01T08:55:28.047Z] [SUCCESS] [2026-06-01T08:55:28.043Z] OPTIONS /api/drinkCategories/ ➞ NO_CONTENT 204 (3ms)
[2026-06-01T08:55:28.048Z] [ERROR] [2026-06-01T08:55:28.048Z] OPTIONS /api/drinkCategories/ - undefined - Cannot set headers after they are sent to the client | User-Agent: Mozilla/5.0 (X11; Linux x86_64) AppleWebKit/537.36 (KHTML, like Gecko) elsass-catalogue-admin/1.0.11 Chrome/146.0.7680.216 Electron/41.5.1 Safari/537.36 | IP: ::1
[2026-06-01T08:55:28.067Z] [SUCCESS] [2026-06-01T08:55:28.050Z] GET /api/drinkItems/ ➞ OK 200 (17ms)
[2026-06-01T08:55:28.069Z] [SUCCESS] [2026-06-01T08:55:28.053Z] GET /api/drinkCategories/ ➞ OK 200 (16ms)
[2026-06-01T08:55:28.625Z] [SUCCESS] [2026-06-01T08:55:28.620Z] OPTIONS /api/drinkItems/1/toggle ➞ NO_CONTENT 204 (5ms)
[2026-06-01T08:55:28.626Z] [ERROR] [2026-06-01T08:55:28.625Z] OPTIONS /api/drinkItems/1/toggle - undefined - Cannot set headers after they are sent to the client | User-Agent: Mozilla/5.0 (X11; Linux x86_64) AppleWebKit/537.36 (KHTML, like Gecko) elsass-catalogue-admin/1.0.11 Chrome/146.0.7680.216 Electron/41.5.1 Safari/537.36 | IP: ::1
[2026-06-01T08:55:28.673Z] [SUCCESS] [2026-06-01T08:55:28.630Z] PUT /api/drinkItems/1/toggle ➞ OK 200 (43ms)
[2026-06-01T08:55:28.696Z] [SUCCESS] [2026-06-01T08:55:28.684Z] GET /api/drinkItems/ ➞ OK 200 (12ms)
[2026-06-01T08:55:29.958Z] [SUCCESS] [2026-06-01T08:55:29.949Z] GET /api/auth/user ➞ OK 200 (9ms)
[2026-06-01T08:55:30.020Z] [SUCCESS] [2026-06-01T08:55:30.006Z] GET /api/drinkItems/ ➞ OK 200 (14ms)
[2026-06-01T08:55:30.022Z] [SUCCESS] [2026-06-01T08:55:30.009Z] GET /api/drinkCategories/ ➞ OK 200 (13ms)
[2026-06-01T08:55:30.880Z] [SUCCESS] [2026-06-01T08:55:30.844Z] PUT /api/drinkItems/1/toggle ➞ OK 200 (36ms)
[2026-06-01T08:55:30.904Z] [SUCCESS] [2026-06-01T08:55:30.891Z] GET /api/drinkItems/ ➞ OK 200 (13ms)
[2026-06-01T08:55:31.710Z] [SUCCESS] [2026-06-01T08:55:31.694Z] GET /api/auth/user ➞ OK 200 (16ms)
[2026-06-01T08:55:31.783Z] [SUCCESS] [2026-06-01T08:55:31.759Z] GET /api/drinkItems/ ➞ OK 200 (24ms)
[2026-06-01T08:55:31.784Z] [SUCCESS] [2026-06-01T08:55:31.764Z] GET /api/drinkCategories/ ➞ OK 200 (20ms)
